AAAAA,1,1,1,1,1
AAAAB,1,1,1,1,2
AAAAC,1,1,1,1,3
AAAAD,1,1,1,1,4
AAAAE,1,1,1,1,5
AAABA,1,1,1,2,1
AAABB,1,1,1,2,2
AAABC,1,1,1,2,3
AAABD,1,1,1,2,4
AAABE,1,1,1,2,5
AAACA,1,1,1,3,1
AAACB,1,1,1,3,2
AAACC,1,1,1,3,3
AAACD,1,1,1,3,4
AAACE,1,1,1,3,5
AAADA,1,1,1,4,1
AAADB,1,1,1,4,2
AAADC,1,1,1,4,3
AAADD,1,1,1,4,4
AAADE,1,1,1,4,5
AAAEA,1,1,1,5,1
AAAEB,1,1,1,5,2
AAAEC,1,1,1,5,3
AAAED,1,1,1,5,4
AAAEE,1,1,1,5,5
AABAA,1,1,2,1,1
AABAB,1,1,2,1,2
AABAC,1,1,2,1,3
AABAD,1,1,2,1,4
AABAE,1,1,2,1,5
AABBA,1,1,2,2,1
AABBB,1,1,2,2,2
AABBC,1,1,2,2,3
AABBD,1,1,2,2,4
AABBE,1,1,2,2,5
AABCA,1,1,2,3,1
AABCB,1,1,2,3,2
AABCC,1,1,2,3,3
AABCD,1,1,2,3,4
AABCE,1,1,2,3,5
AABDA,1,1,2,4,1
AABDB,1,1,2,4,2
AABDC,1,1,2,4,3
AABDD,1,1,2,4,4
AABDE,1,1,2,4,5
AABEA,1,1,2,5,1
AABEB,1,1,2,5,2
AABEC,1,1,2,5,3
AABED,1,1,2,5,4
AABEE,1,1,2,5,5
AACAA,1,1,3,1,1
AACAB,1,1,3,1,2
AACAC,1,1,3,1,3
AACAD,1,1,3,1,4
AACAE,1,1,3,1,5
AACBA,1,1,3,2,1
AACBB,1,1,3,2,2
AACBC,1,1,3,2,3
AACBD,1,1,3,2,4
AACBE,1,1,3,2,5
AACCA,1,1,3,3,1
AACCB,1,1,3,3,2
AACCC,1,1,3,3,3
AACCD,1,1,3,3,4
AACCE,1,1,3,3,5
AACDA,1,1,3,4,1
AACDB,1,1,3,4,2
AACDC,1,1,3,4,3
AACDD,1,1,3,4,4
AACDE,1,1,3,4,5
AACEA,1,1,3,5,1
AACEB,1,1,3,5,2
AACEC,1,1,3,5,3
AACED,1,1,3,5,4
AACEE,1,1,3,5,5
AADAA,1,1,4,1,1
AADAB,1,1,4,1,2
AADAC,1,1,4,1,3
AADAD,1,1,4,1,4
AADAE,1,1,4,1,5
AADBA,1,1,4,2,1
AADBB,1,1,4,2,2
AADBC,1,1,4,2,3
AADBD,1,1,4,2,4
AADBE,1,1,4,2,5
AADCA,1,1,4,3,1
AADCB,1,1,4,3,2
AADCC,1,1,4,3,3
AADCD,1,1,4,3,4
AADCE,1,1,4,3,5
AADDA,1,1,4,4,1
AADDB,1,1,4,4,2
AADDC,1,1,4,4,3
AADDD,1,1,4,4,4
AADDE,1,1,4,4,5
AADEA,1,1,4,5,1
AADEB,1,1,4,5,2
AADEC,1,1,4,5,3
AADED,1,1,4,5,4
AADEE,1,1,4,5,5
AAEAA,1,1,5,1,1
AAEAB,1,1,5,1,2
AAEAC,1,1,5,1,3
AAEAD,1,1,5,1,4
AAEAE,1,1,5,1,5
AAEBA,1,1,5,2,1
AAEBB,1,1,5,2,2
AAEBC,1,1,5,2,3
AAEBD,1,1,5,2,4
AAEBE,1,1,5,2,5
AAECA,1,1,5,3,1
AAECB,1,1,5,3,2
AAECC,1,1,5,3,3
AAECD,1,1,5,3,4
AAECE,1,1,5,3,5
AAEDA,1,1,5,4,1
AAEDB,1,1,5,4,2
AAEDC,1,1,5,4,3
AAEDD,1,1,5,4,4
AAEDE,1,1,5,4,5
AAEEA,1,1,5,5,1
AAEEB,1,1,5,5,2
AAEEC,1,1,5,5,3
AAEED,1,1,5,5,4
AAEEE,1,1,5,5,5
ABAAA,1,2,1,1,1
ABAAB,1,2,1,1,2
ABAAC,1,2,1,1,3
ABAAD,1,2,1,1,4
ABAAE,1,2,1,1,5
ABABA,1,2,1,2,1
ABABB,1,2,1,2,2
ABABC,1,2,1,2,3
ABABD,1,2,1,2,4
ABABE,1,2,1,2,5
ABACA,1,2,1,3,1
ABACB,1,2,1,3,2
ABACC,1,2,1,3,3
ABACD,1,2,1,3,4
ABACE,1,2,1,3,5
ABADA,1,2,1,4,1
ABADB,1,2,1,4,2
ABADC,1,2,1,4,3
ABADD,1,2,1,4,4
ABADE,1,2,1,4,5
ABAEA,1,2,1,5,1
ABAEB,1,2,1,5,2
ABAEC,1,2,1,5,3
ABAED,1,2,1,5,4
ABAEE,1,2,1,5,5
ABBAA,1,2,2,1,1
ABBAB,1,2,2,1,2
ABBAC,1,2,2,1,3
ABBAD,1,2,2,1,4
ABBAE,1,2,2,1,5
ABBBA,1,2,2,2,1
ABBBB,1,2,2,2,2
ABBBC,1,2,2,2,3
ABBBD,1,2,2,2,4
ABBBE,1,2,2,2,5
ABBCA,1,2,2,3,1
ABBCB,1,2,2,3,2
ABBCC,1,2,2,3,3
ABBCD,1,2,2,3,4
ABBCE,1,2,2,3,5
ABBDA,1,2,2,4,1
ABBDB,1,2,2,4,2
ABBDC,1,2,2,4,3
ABBDD,1,2,2,4,4
ABBDE,1,2,2,4,5
ABBEA,1,2,2,5,1
ABBEB,1,2,2,5,2
ABBEC,1,2,2,5,3
ABBED,1,2,2,5,4
ABBEE,1,2,2,5,5
ABCAA,1,2,3,1,1
ABCAB,1,2,3,1,2
ABCAC,1,2,3,1,3
ABCAD,1,2,3,1,4
ABCAE,1,2,3,1,5
ABCBA,1,2,3,2,1
ABCBB,1,2,3,2,2
ABCBC,1,2,3,2,3
ABCBD,1,2,3,2,4
ABCBE,1,2,3,2,5
ABCCA,1,2,3,3,1
ABCCB,1,2,3,3,2
ABCCC,1,2,3,3,3
ABCCD,1,2,3,3,4
ABCCE,1,2,3,3,5
ABCDA,1,2,3,4,1
ABCDB,1,2,3,4,2
ABCDC,1,2,3,4,3
ABCDD,1,2,3,4,4
ABCDE,1,2,3,4,5
ABCEA,1,2,3,5,1
ABCEB,1,2,3,5,2
ABCEC,1,2,3,5,3
ABCED,1,2,3,5,4
ABCEE,1,2,3,5,5
ABDAA,1,2,4,1,1
ABDAB,1,2,4,1,2
ABDAC,1,2,4,1,3
ABDAD,1,2,4,1,4
ABDAE,1,2,4,1,5
ABDBA,1,2,4,2,1
ABDBB,1,2,4,2,2
ABDBC,1,2,4,2,3
ABDBD,1,2,4,2,4
ABDBE,1,2,4,2,5
ABDCA,1,2,4,3,1
ABDCB,1,2,4,3,2
ABDCC,1,2,4,3,3
ABDCD,1,2,4,3,4
ABDCE,1,2,4,3,5
ABDDA,1,2,4,4,1
ABDDB,1,2,4,4,2
ABDDC,1,2,4,4,3
ABDDD,1,2,4,4,4
ABDDE,1,2,4,4,5
ABDEA,1,2,4,5,1
ABDEB,1,2,4,5,2
ABDEC,1,2,4,5,3
ABDED,1,2,4,5,4
ABDEE,1,2,4,5,5
ABEAA,1,2,5,1,1
ABEAB,1,2,5,1,2
ABEAC,1,2,5,1,3
ABEAD,1,2,5,1,4
ABEAE,1,2,5,1,5
ABEBA,1,2,5,2,1
ABEBB,1,2,5,2,2
ABEBC,1,2,5,2,3
ABEBD,1,2,5,2,4
ABEBE,1,2,5,2,5
ABECA,1,2,5,3,1
ABECB,1,2,5,3,2
ABECC,1,2,5,3,3
ABECD,1,2,5,3,4
ABECE,1,2,5,3,5
ABEDA,1,2,5,4,1
ABEDB,1,2,5,4,2
ABEDC,1,2,5,4,3
ABEDD,1,2,5,4,4
ABEDE,1,2,5,4,5
ABEEA,1,2,5,5,1
ABEEB,1,2,5,5,2
ABEEC,1,2,5,5,3
ABEED,1,2,5,5,4
ABEEE,1,2,5,5,5
ACAAA,1,3,1,1,1
ACAAB,1,3,1,1,2
ACAAC,1,3,1,1,3
ACAAD,1,3,1,1,4
ACAAE,1,3,1,1,5
ACABA,1,3,1,2,1
ACABB,1,3,1,2,2
ACABC,1,3,1,2,3
ACABD,1,3,1,2,4
ACABE,1,3,1,2,5
ACACA,1,3,1,3,1
ACACB,1,3,1,3,2
ACACC,1,3,1,3,3
ACACD,1,3,1,3,4
ACACE,1,3,1,3,5
ACADA,1,3,1,4,1
ACADB,1,3,1,4,2
ACADC,1,3,1,4,3
ACADD,1,3,1,4,4
ACADE,1,3,1,4,5
ACAEA,1,3,1,5,1
ACAEB,1,3,1,5,2
ACAEC,1,3,1,5,3
ACAED,1,3,1,5,4
ACAEE,1,3,1,5,5
ACBAA,1,3,2,1,1
ACBAB,1,3,2,1,2
ACBAC,1,3,2,1,3
ACBAD,1,3,2,1,4
ACBAE,1,3,2,1,5
ACBBA,1,3,2,2,1
ACBBB,1,3,2,2,2
ACBBC,1,3,2,2,3
ACBBD,1,3,2,2,4
ACBBE,1,3,2,2,5
ACBCA,1,3,2,3,1
ACBCB,1,3,2,3,2
ACBCC,1,3,2,3,3
ACBCD,1,3,2,3,4
ACBCE,1,3,2,3,5
ACBDA,1,3,2,4,1
ACBDB,1,3,2,4,2
ACBDC,1,3,2,4,3
ACBDD,1,3,2,4,4
ACBDE,1,3,2,4,5
ACBEA,1,3,2,5,1
ACBEB,1,3,2,5,2
ACBEC,1,3,2,5,3
ACBED,1,3,2,5,4
ACBEE,1,3,2,5,5
ACCAA,1,3,3,1,1
ACCAB,1,3,3,1,2
ACCAC,1,3,3,1,3
ACCAD,1,3,3,1,4
ACCAE,1,3,3,1,5
ACCBA,1,3,3,2,1
ACCBB,1,3,3,2,2
ACCBC,1,3,3,2,3
ACCBD,1,3,3,2,4
ACCBE,1,3,3,2,5
ACCCA,1,3,3,3,1
ACCCB,1,3,3,3,2
ACCCC,1,3,3,3,3
ACCCD,1,3,3,3,4
ACCCE,1,3,3,3,5
ACCDA,1,3,3,4,1
ACCDB,1,3,3,4,2
ACCDC,1,3,3,4,3
ACCDD,1,3,3,4,4
ACCDE,1,3,3,4,5
ACCEA,1,3,3,5,1
ACCEB,1,3,3,5,2
ACCEC,1,3,3,5,3
ACCED,1,3,3,5,4
ACCEE,1,3,3,5,5
ACDAA,1,3,4,1,1
ACDAB,1,3,4,1,2
ACDAC,1,3,4,1,3
ACDAD,1,3,4,1,4
ACDAE,1,3,4,1,5
ACDBA,1,3,4,2,1
ACDBB,1,3,4,2,2
ACDBC,1,3,4,2,3
ACDBD,1,3,4,2,4
ACDBE,1,3,4,2,5
ACDCA,1,3,4,3,1
ACDCB,1,3,4,3,2
ACDCC,1,3,4,3,3
ACDCD,1,3,4,3,4
ACDCE,1,3,4,3,5
ACDDA,1,3,4,4,1
ACDDB,1,3,4,4,2
ACDDC,1,3,4,4,3
ACDDD,1,3,4,4,4
ACDDE,1,3,4,4,5
ACDEA,1,3,4,5,1
ACDEB,1,3,4,5,2
ACDEC,1,3,4,5,3
ACDED,1,3,4,5,4
ACDEE,1,3,4,5,5
ACEAA,1,3,5,1,1
ACEAB,1,3,5,1,2
ACEAC,1,3,5,1,3
ACEAD,1,3,5,1,4
ACEAE,1,3,5,1,5
ACEBA,1,3,5,2,1
ACEBB,1,3,5,2,2
ACEBC,1,3,5,2,3
ACEBD,1,3,5,2,4
ACEBE,1,3,5,2,5
ACECA,1,3,5,3,1
ACECB,1,3,5,3,2
ACECC,1,3,5,3,3
ACECD,1,3,5,3,4
ACECE,1,3,5,3,5
ACEDA,1,3,5,4,1
ACEDB,1,3,5,4,2
ACEDC,1,3,5,4,3
ACEDD,1,3,5,4,4
ACEDE,1,3,5,4,5
ACEEA,1,3,5,5,1
ACEEB,1,3,5,5,2
ACEEC,1,3,5,5,3
ACEED,1,3,5,5,4
ACEEE,1,3,5,5,5
ADAAA,1,4,1,1,1
ADAAB,1,4,1,1,2
ADAAC,1,4,1,1,3
ADAAD,1,4,1,1,4
ADAAE,1,4,1,1,5
ADABA,1,4,1,2,1
ADABB,1,4,1,2,2
ADABC,1,4,1,2,3
ADABD,1,4,1,2,4
ADABE,1,4,1,2,5
ADACA,1,4,1,3,1
ADACB,1,4,1,3,2
ADACC,1,4,1,3,3
ADACD,1,4,1,3,4
ADACE,1,4,1,3,5
ADADA,1,4,1,4,1
ADADB,1,4,1,4,2
ADADC,1,4,1,4,3
ADADD,1,4,1,4,4
ADADE,1,4,1,4,5
ADAEA,1,4,1,5,1
ADAEB,1,4,1,5,2
ADAEC,1,4,1,5,3
ADAED,1,4,1,5,4
ADAEE,1,4,1,5,5
ADBAA,1,4,2,1,1
ADBAB,1,4,2,1,2
ADBAC,1,4,2,1,3
ADBAD,1,4,2,1,4
ADBAE,1,4,2,1,5
ADBBA,1,4,2,2,1
ADBBB,1,4,2,2,2
ADBBC,1,4,2,2,3
ADBBD,1,4,2,2,4
ADBBE,1,4,2,2,5
ADBCA,1,4,2,3,1
ADBCB,1,4,2,3,2
ADBCC,1,4,2,3,3
ADBCD,1,4,2,3,4
ADBCE,1,4,2,3,5
ADBDA,1,4,2,4,1
ADBDB,1,4,2,4,2
ADBDC,1,4,2,4,3
ADBDD,1,4,2,4,4
ADBDE,1,4,2,4,5
ADBEA,1,4,2,5,1
ADBEB,1,4,2,5,2
ADBEC,1,4,2,5,3
ADBED,1,4,2,5,4
ADBEE,1,4,2,5,5
ADCAA,1,4,3,1,1
ADCAB,1,4,3,1,2
ADCAC,1,4,3,1,3
ADCAD,1,4,3,1,4
ADCAE,1,4,3,1,5
ADCBA,1,4,3,2,1
ADCBB,1,4,3,2,2
ADCBC,1,4,3,2,3
ADCBD,1,4,3,2,4
ADCBE,1,4,3,2,5
ADCCA,1,4,3,3,1
ADCCB,1,4,3,3,2
ADCCC,1,4,3,3,3
ADCCD,1,4,3,3,4
ADCCE,1,4,3,3,5
ADCDA,1,4,3,4,1
ADCDB,1,4,3,4,2
ADCDC,1,4,3,4,3
ADCDD,1,4,3,4,4
ADCDE,1,4,3,4,5
ADCEA,1,4,3,5,1
ADCEB,1,4,3,5,2
ADCEC,1,4,3,5,3
ADCED,1,4,3,5,4
ADCEE,1,4,3,5,5
ADDAA,1,4,4,1,1
ADDAB,1,4,4,1,2
ADDAC,1,4,4,1,3
ADDAD,1,4,4,1,4
ADDAE,1,4,4,1,5
ADDBA,1,4,4,2,1
ADDBB,1,4,4,2,2
ADDBC,1,4,4,2,3
ADDBD,1,4,4,2,4
ADDBE,1,4,4,2,5
ADDCA,1,4,4,3,1
ADDCB,1,4,4,3,2
ADDCC,1,4,4,3,3
ADDCD,1,4,4,3,4
ADDCE,1,4,4,3,5
ADDDA,1,4,4,4,1
ADDDB,1,4,4,4,2
ADDDC,1,4,4,4,3
ADDDD,1,4,4,4,4
ADDDE,1,4,4,4,5
ADDEA,1,4,4,5,1
ADDEB,1,4,4,5,2
ADDEC,1,4,4,5,3
ADDED,1,4,4,5,4
ADDEE,1,4,4,5,5
ADEAA,1,4,5,1,1
ADEAB,1,4,5,1,2
ADEAC,1,4,5,1,3
ADEAD,1,4,5,1,4
ADEAE,1,4,5,1,5
ADEBA,1,4,5,2,1
ADEBB,1,4,5,2,2
ADEBC,1,4,5,2,3
ADEBD,1,4,5,2,4
ADEBE,1,4,5,2,5
ADECA,1,4,5,3,1
ADECB,1,4,5,3,2
ADECC,1,4,5,3,3
ADECD,1,4,5,3,4
ADECE,1,4,5,3,5
ADEDA,1,4,5,4,1
ADEDB,1,4,5,4,2
ADEDC,1,4,5,4,3
ADEDD,1,4,5,4,4
ADEDE,1,4,5,4,5
ADEEA,1,4,5,5,1
ADEEB,1,4,5,5,2
ADEEC,1,4,5,5,3
ADEED,1,4,5,5,4
ADEEE,1,4,5,5,5
AEAAA,1,5,1,1,1
AEAAB,1,5,1,1,2
AEAAC,1,5,1,1,3
AEAAD,1,5,1,1,4
AEAAE,1,5,1,1,5
AEABA,1,5,1,2,1
AEABB,1,5,1,2,2
AEABC,1,5,1,2,3
AEABD,1,5,1,2,4
AEABE,1,5,1,2,5
AEACA,1,5,1,3,1
AEACB,1,5,1,3,2
AEACC,1,5,1,3,3
AEACD,1,5,1,3,4
AEACE,1,5,1,3,5
AEADA,1,5,1,4,1
AEADB,1,5,1,4,2
AEADC,1,5,1,4,3
AEADD,1,5,1,4,4
AEADE,1,5,1,4,5
AEAEA,1,5,1,5,1
AEAEB,1,5,1,5,2
AEAEC,1,5,1,5,3
AEAED,1,5,1,5,4
AEAEE,1,5,1,5,5
AEBAA,1,5,2,1,1
AEBAB,1,5,2,1,2
AEBAC,1,5,2,1,3
AEBAD,1,5,2,1,4
AEBAE,1,5,2,1,5
AEBBA,1,5,2,2,1
AEBBB,1,5,2,2,2
AEBBC,1,5,2,2,3
AEBBD,1,5,2,2,4
AEBBE,1,5,2,2,5
AEBCA,1,5,2,3,1
AEBCB,1,5,2,3,2
AEBCC,1,5,2,3,3
AEBCD,1,5,2,3,4
AEBCE,1,5,2,3,5
AEBDA,1,5,2,4,1
AEBDB,1,5,2,4,2
AEBDC,1,5,2,4,3
AEBDD,1,5,2,4,4
AEBDE,1,5,2,4,5
AEBEA,1,5,2,5,1
AEBEB,1,5,2,5,2
AEBEC,1,5,2,5,3
AEBED,1,5,2,5,4
AEBEE,1,5,2,5,5
AECAA,1,5,3,1,1
AECAB,1,5,3,1,2
AECAC,1,5,3,1,3
AECAD,1,5,3,1,4
AECAE,1,5,3,1,5
AECBA,1,5,3,2,1
AECBB,1,5,3,2,2
AECBC,1,5,3,2,3
AECBD,1,5,3,2,4
AECBE,1,5,3,2,5
AECCA,1,5,3,3,1
AECCB,1,5,3,3,2
AECCC,1,5,3,3,3
AECCD,1,5,3,3,4
AECCE,1,5,3,3,5
AECDA,1,5,3,4,1
AECDB,1,5,3,4,2
AECDC,1,5,3,4,3
AECDD,1,5,3,4,4
AECDE,1,5,3,4,5
AECEA,1,5,3,5,1
AECEB,1,5,3,5,2
AECEC,1,5,3,5,3
AECED,1,5,3,5,4
AECEE,1,5,3,5,5
AEDAA,1,5,4,1,1
AEDAB,1,5,4,1,2
AEDAC,1,5,4,1,3
AEDAD,1,5,4,1,4
AEDAE,1,5,4,1,5
AEDBA,1,5,4,2,1
AEDBB,1,5,4,2,2
AEDBC,1,5,4,2,3
AEDBD,1,5,4,2,4
AEDBE,1,5,4,2,5
AEDCA,1,5,4,3,1
AEDCB,1,5,4,3,2
AEDCC,1,5,4,3,3
AEDCD,1,5,4,3,4
AEDCE,1,5,4,3,5
AEDDA,1,5,4,4,1
AEDDB,1,5,4,4,2
AEDDC,1,5,4,4,3
AEDDD,1,5,4,4,4
AEDDE,1,5,4,4,5
AEDEA,1,5,4,5,1
AEDEB,1,5,4,5,2
AEDEC,1,5,4,5,3
AEDED,1,5,4,5,4
AEDEE,1,5,4,5,5
AEEAA,1,5,5,1,1
AEEAB,1,5,5,1,2
AEEAC,1,5,5,1,3
AEEAD,1,5,5,1,4
AEEAE,1,5,5,1,5
AEEBA,1,5,5,2,1
AEEBB,1,5,5,2,2
AEEBC,1,5,5,2,3
AEEBD,1,5,5,2,4
AEEBE,1,5,5,2,5
AEECA,1,5,5,3,1
AEECB,1,5,5,3,2
AEECC,1,5,5,3,3
AEECD,1,5,5,3,4
AEECE,1,5,5,3,5
AEEDA,1,5,5,4,1
AEEDB,1,5,5,4,2
AEEDC,1,5,5,4,3
AEEDD,1,5,5,4,4
AEEDE,1,5,5,4,5
AEEEA,1,5,5,5,1
AEEEB,1,5,5,5,2
AEEEC,1,5,5,5,3
AEEED,1,5,5,5,4
AEEEE,1,5,5,5,5
BAAAA,2,1,1,1,1
BAAAB,2,1,1,1,2
BAAAC,2,1,1,1,3
BAAAD,2,1,1,1,4
BAAAE,2,1,1,1,5
BAABA,2,1,1,2,1
BAABB,2,1,1,2,2
BAABC,2,1,1,2,3
BAABD,2,1,1,2,4
BAABE,2,1,1,2,5
BAACA,2,1,1,3,1
BAACB,2,1,1,3,2
BAACC,2,1,1,3,3
BAACD,2,1,1,3,4
BAACE,2,1,1,3,5
BAADA,2,1,1,4,1
BAADB,2,1,1,4,2
BAADC,2,1,1,4,3
BAADD,2,1,1,4,4
BAADE,2,1,1,4,5
BAAEA,2,1,1,5,1
BAAEB,2,1,1,5,2
BAAEC,2,1,1,5,3
BAAED,2,1,1,5,4
BAAEE,2,1,1,5,5
BABAA,2,1,2,1,1
BABAB,2,1,2,1,2
BABAC,2,1,2,1,3
BABAD,2,1,2,1,4
BABAE,2,1,2,1,5
BABBA,2,1,2,2,1
BABBB,2,1,2,2,2
BABBC,2,1,2,2,3
BABBD,2,1,2,2,4
BABBE,2,1,2,2,5
BABCA,2,1,2,3,1
BABCB,2,1,2,3,2
BABCC,2,1,2,3,3
BABCD,2,1,2,3,4
BABCE,2,1,2,3,5
BABDA,2,1,2,4,1
BABDB,2,1,2,4,2
BABDC,2,1,2,4,3
BABDD,2,1,2,4,4
BABDE,2,1,2,4,5
BABEA,2,1,2,5,1
BABEB,2,1,2,5,2
BABEC,2,1,2,5,3
BABED,2,1,2,5,4
BABEE,2,1,2,5,5
BACAA,2,1,3,1,1
BACAB,2,1,3,1,2
BACAC,2,1,3,1,3
BACAD,2,1,3,1,4
BACAE,2,1,3,1,5
BACBA,2,1,3,2,1
BACBB,2,1,3,2,2
BACBC,2,1,3,2,3
BACBD,2,1,3,2,4
BACBE,2,1,3,2,5
BACCA,2,1,3,3,1
BACCB,2,1,3,3,2
BACCC,2,1,3,3,3
BACCD,2,1,3,3,4
BACCE,2,1,3,3,5
BACDA,2,1,3,4,1
BACDB,2,1,3,4,2
BACDC,2,1,3,4,3
BACDD,2,1,3,4,4
BACDE,2,1,3,4,5
BACEA,2,1,3,5,1
BACEB,2,1,3,5,2
BACEC,2,1,3,5,3
BACED,2,1,3,5,4
BACEE,2,1,3,5,5
BADAA,2,1,4,1,1
BADAB,2,1,4,1,2
BADAC,2,1,4,1,3
BADAD,2,1,4,1,4
BADAE,2,1,4,1,5
BADBA,2,1,4,2,1
BADBB,2,1,4,2,2
BADBC,2,1,4,2,3
BADBD,2,1,4,2,4
BADBE,2,1,4,2,5
BADCA,2,1,4,3,1
BADCB,2,1,4,3,2
BADCC,2,1,4,3,3
BADCD,2,1,4,3,4
BADCE,2,1,4,3,5
BADDA,2,1,4,4,1
BADDB,2,1,4,4,2
BADDC,2,1,4,4,3
BADDD,2,1,4,4,4
BADDE,2,1,4,4,5
BADEA,2,1,4,5,1
BADEB,2,1,4,5,2
BADEC,2,1,4,5,3
BADED,2,1,4,5,4
BADEE,2,1,4,5,5
BAEAA,2,1,5,1,1
BAEAB,2,1,5,1,2
BAEAC,2,1,5,1,3
BAEAD,2,1,5,1,4
BAEAE,2,1,5,1,5
BAEBA,2,1,5,2,1
BAEBB,2,1,5,2,2
BAEBC,2,1,5,2,3
BAEBD,2,1,5,2,4
BAEBE,2,1,5,2,5
BAECA,2,1,5,3,1
BAECB,2,1,5,3,2
BAECC,2,1,5,3,3
BAECD,2,1,5,3,4
BAECE,2,1,5,3,5
BAEDA,2,1,5,4,1
BAEDB,2,1,5,4,2
BAEDC,2,1,5,4,3
BAEDD,2,1,5,4,4
BAEDE,2,1,5,4,5
BAEEA,2,1,5,5,1
BAEEB,2,1,5,5,2
BAEEC,2,1,5,5,3
BAEED,2,1,5,5,4
BAEEE,2,1,5,5,5
BBAAA,2,2,1,1,1
BBAAB,2,2,1,1,2
BBAAC,2,2,1,1,3
BBAAD,2,2,1,1,4
BBAAE,2,2,1,1,5
BBABA,2,2,1,2,1
BBABB,2,2,1,2,2
BBABC,2,2,1,2,3
BBABD,2,2,1,2,4
BBABE,2,2,1,2,5
BBACA,2,2,1,3,1
BBACB,2,2,1,3,2
BBACC,2,2,1,3,3
BBACD,2,2,1,3,4
BBACE,2,2,1,3,5
BBADA,2,2,1,4,1
BBADB,2,2,1,4,2
BBADC,2,2,1,4,3
BBADD,2,2,1,4,4
BBADE,2,2,1,4,5
BBAEA,2,2,1,5,1
BBAEB,2,2,1,5,2
BBAEC,2,2,1,5,3
BBAED,2,2,1,5,4
BBAEE,2,2,1,5,5
BBBAA,2,2,2,1,1
BBBAB,2,2,2,1,2
BBBAC,2,2,2,1,3
BBBAD,2,2,2,1,4
BBBAE,2,2,2,1,5
BBBBA,2,2,2,2,1
BBBBB,2,2,2,2,2
BBBBC,2,2,2,2,3
BBBBD,2,2,2,2,4
BBBBE,2,2,2,2,5
BBBCA,2,2,2,3,1
BBBCB,2,2,2,3,2
BBBCC,2,2,2,3,3
BBBCD,2,2,2,3,4
BBBCE,2,2,2,3,5
BBBDA,2,2,2,4,1
BBBDB,2,2,2,4,2
BBBDC,2,2,2,4,3
BBBDD,2,2,2,4,4
BBBDE,2,2,2,4,5
BBBEA,2,2,2,5,1
BBBEB,2,2,2,5,2
BBBEC,2,2,2,5,3
BBBED,2,2,2,5,4
BBBEE,2,2,2,5,5
BBCAA,2,2,3,1,1
BBCAB,2,2,3,1,2
BBCAC,2,2,3,1,3
BBCAD,2,2,3,1,4
BBCAE,2,2,3,1,5
BBCBA,2,2,3,2,1
BBCBB,2,2,3,2,2
BBCBC,2,2,3,2,3
BBCBD,2,2,3,2,4
BBCBE,2,2,3,2,5
BBCCA,2,2,3,3,1
BBCCB,2,2,3,3,2
BBCCC,2,2,3,3,3
BBCCD,2,2,3,3,4
BBCCE,2,2,3,3,5
BBCDA,2,2,3,4,1
BBCDB,2,2,3,4,2
BBCDC,2,2,3,4,3
BBCDD,2,2,3,4,4
BBCDE,2,2,3,4,5
BBCEA,2,2,3,5,1
BBCEB,2,2,3,5,2
BBCEC,2,2,3,5,3
BBCED,2,2,3,5,4
BBCEE,2,2,3,5,5
BBDAA,2,2,4,1,1
BBDAB,2,2,4,1,2
BBDAC,2,2,4,1,3
BBDAD,2,2,4,1,4
BBDAE,2,2,4,1,5
BBDBA,2,2,4,2,1
BBDBB,2,2,4,2,2
BBDBC,2,2,4,2,3
BBDBD,2,2,4,2,4
BBDBE,2,2,4,2,5
BBDCA,2,2,4,3,1
BBDCB,2,2,4,3,2
BBDCC,2,2,4,3,3
BBDCD,2,2,4,3,4
BBDCE,2,2,4,3,5
BBDDA,2,2,4,4,1
BBDDB,2,2,4,4,2
BBDDC,2,2,4,4,3
BBDDD,2,2,4,4,4
BBDDE,2,2,4,4,5
BBDEA,2,2,4,5,1
BBDEB,2,2,4,5,2
BBDEC,2,2,4,5,3
BBDED,2,2,4,5,4
BBDEE,2,2,4,5,5
BBEAA,2,2,5,1,1
BBEAB,2,2,5,1,2
BBEAC,2,2,5,1,3
BBEAD,2,2,5,1,4
BBEAE,2,2,5,1,5
BBEBA,2,2,5,2,1
BBEBB,2,2,5,2,2
BBEBC,2,2,5,2,3
BBEBD,2,2,5,2,4
BBEBE,2,2,5,2,5
BBECA,2,2,5,3,1
BBECB,2,2,5,3,2
BBECC,2,2,5,3,3
BBECD,2,2,5,3,4
BBECE,2,2,5,3,5
BBEDA,2,2,5,4,1
BBEDB,2,2,5,4,2
BBEDC,2,2,5,4,3
BBEDD,2,2,5,4,4
BBEDE,2,2,5,4,5
BBEEA,2,2,5,5,1
BBEEB,2,2,5,5,2
BBEEC,2,2,5,5,3
BBEED,2,2,5,5,4
BBEEE,2,2,5,5,5
BCAAA,2,3,1,1,1
BCAAB,2,3,1,1,2
BCAAC,2,3,1,1,3
BCAAD,2,3,1,1,4
BCAAE,2,3,1,1,5
BCABA,2,3,1,2,1
BCABB,2,3,1,2,2
BCABC,2,3,1,2,3
BCABD,2,3,1,2,4
BCABE,2,3,1,2,5
BCACA,2,3,1,3,1
BCACB,2,3,1,3,2
BCACC,2,3,1,3,3
BCACD,2,3,1,3,4
BCACE,2,3,1,3,5
BCADA,2,3,1,4,1
BCADB,2,3,1,4,2
BCADC,2,3,1,4,3
BCADD,2,3,1,4,4
BCADE,2,3,1,4,5
BCAEA,2,3,1,5,1
BCAEB,2,3,1,5,2
BCAEC,2,3,1,5,3
BCAED,2,3,1,5,4
BCAEE,2,3,1,5,5
BCBAA,2,3,2,1,1
BCBAB,2,3,2,1,2
BCBAC,2,3,2,1,3
BCBAD,2,3,2,1,4
BCBAE,2,3,2,1,5
BCBBA,2,3,2,2,1
BCBBB,2,3,2,2,2
BCBBC,2,3,2,2,3
BCBBD,2,3,2,2,4
BCBBE,2,3,2,2,5
BCBCA,2,3,2,3,1
BCBCB,2,3,2,3,2
BCBCC,2,3,2,3,3
BCBCD,2,3,2,3,4
BCBCE,2,3,2,3,5
BCBDA,2,3,2,4,1
BCBDB,2,3,2,4,2
BCBDC,2,3,2,4,3
BCBDD,2,3,2,4,4
BCBDE,2,3,2,4,5
BCBEA,2,3,2,5,1
BCBEB,2,3,2,5,2
BCBEC,2,3,2,5,3
BCBED,2,3,2,5,4
BCBEE,2,3,2,5,5
BCCAA,2,3,3,1,1
BCCAB,2,3,3,1,2
BCCAC,2,3,3,1,3
BCCAD,2,3,3,1,4
BCCAE,2,3,3,1,5
BCCBA,2,3,3,2,1
BCCBB,2,3,3,2,2
BCCBC,2,3,3,2,3
BCCBD,2,3,3,2,4
BCCBE,2,3,3,2,5
BCCCA,2,3,3,3,1
BCCCB,2,3,3,3,2
BCCCC,2,3,3,3,3
BCCCD,2,3,3,3,4
BCCCE,2,3,3,3,5
BCCDA,2,3,3,4,1
BCCDB,2,3,3,4,2
BCCDC,2,3,3,4,3
BCCDD,2,3,3,4,4
BCCDE,2,3,3,4,5
BCCEA,2,3,3,5,1
BCCEB,2,3,3,5,2
BCCEC,2,3,3,5,3
BCCED,2,3,3,5,4
BCCEE,2,3,3,5,5
BCDAA,2,3,4,1,1
BCDAB,2,3,4,1,2
BCDAC,2,3,4,1,3
BCDAD,2,3,4,1,4
BCDAE,2,3,4,1,5
BCDBA,2,3,4,2,1
BCDBB,2,3,4,2,2
BCDBC,2,3,4,2,3
BCDBD,2,3,4,2,4
BCDBE,2,3,4,2,5
BCDCA,2,3,4,3,1
BCDCB,2,3,4,3,2
BCDCC,2,3,4,3,3
BCDCD,2,3,4,3,4
BCDCE,2,3,4,3,5
BCDDA,2,3,4,4,1
BCDDB,2,3,4,4,2
BCDDC,2,3,4,4,3
BCDDD,2,3,4,4,4
BCDDE,2,3,4,4,5
BCDEA,2,3,4,5,1
BCDEB,2,3,4,5,2
BCDEC,2,3,4,5,3
BCDED,2,3,4,5,4
BCDEE,2,3,4,5,5
BCEAA,2,3,5,1,1
BCEAB,2,3,5,1,2
BCEAC,2,3,5,1,3
BCEAD,2,3,5,1,4
BCEAE,2,3,5,1,5
BCEBA,2,3,5,2,1
BCEBB,2,3,5,2,2
BCEBC,2,3,5,2,3
BCEBD,2,3,5,2,4
BCEBE,2,3,5,2,5
BCECA,2,3,5,3,1
BCECB,2,3,5,3,2
BCECC,2,3,5,3,3
BCECD,2,3,5,3,4
BCECE,2,3,5,3,5
BCEDA,2,3,5,4,1
BCEDB,2,3,5,4,2
BCEDC,2,3,5,4,3
BCEDD,2,3,5,4,4
BCEDE,2,3,5,4,5
BCEEA,2,3,5,5,1
BCEEB,2,3,5,5,2
BCEEC,2,3,5,5,3
BCEED,2,3,5,5,4
BCEEE,2,3,5,5,5
BDAAA,2,4,1,1,1
BDAAB,2,4,1,1,2
BDAAC,2,4,1,1,3
BDAAD,2,4,1,1,4
BDAAE,2,4,1,1,5
BDABA,2,4,1,2,1
BDABB,2,4,1,2,2
BDABC,2,4,1,2,3
BDABD,2,4,1,2,4
BDABE,2,4,1,2,5
BDACA,2,4,1,3,1
BDACB,2,4,1,3,2
BDACC,2,4,1,3,3
BDACD,2,4,1,3,4
BDACE,2,4,1,3,5
BDADA,2,4,1,4,1
BDADB,2,4,1,4,2
BDADC,2,4,1,4,3
BDADD,2,4,1,4,4
BDADE,2,4,1,4,5
BDAEA,2,4,1,5,1
BDAEB,2,4,1,5,2
BDAEC,2,4,1,5,3
BDAED,2,4,1,5,4
BDAEE,2,4,1,5,5
BDBAA,2,4,2,1,1
BDBAB,2,4,2,1,2
BDBAC,2,4,2,1,3
BDBAD,2,4,2,1,4
BDBAE,2,4,2,1,5
BDBBA,2,4,2,2,1
BDBBB,2,4,2,2,2
BDBBC,2,4,2,2,3
BDBBD,2,4,2,2,4
BDBBE,2,4,2,2,5
BDBCA,2,4,2,3,1
BDBCB,2,4,2,3,2
BDBCC,2,4,2,3,3
BDBCD,2,4,2,3,4
BDBCE,2,4,2,3,5
BDBDA,2,4,2,4,1
BDBDB,2,4,2,4,2
BDBDC,2,4,2,4,3
BDBDD,2,4,2,4,4
BDBDE,2,4,2,4,5
BDBEA,2,4,2,5,1
BDBEB,2,4,2,5,2
BDBEC,2,4,2,5,3
BDBED,2,4,2,5,4
BDBEE,2,4,2,5,5
BDCAA,2,4,3,1,1
BDCAB,2,4,3,1,2
BDCAC,2,4,3,1,3
BDCAD,2,4,3,1,4
BDCAE,2,4,3,1,5
BDCBA,2,4,3,2,1
BDCBB,2,4,3,2,2
BDCBC,2,4,3,2,3
BDCBD,2,4,3,2,4
BDCBE,2,4,3,2,5
BDCCA,2,4,3,3,1
BDCCB,2,4,3,3,2
BDCCC,2,4,3,3,3
BDCCD,2,4,3,3,4
BDCCE,2,4,3,3,5
BDCDA,2,4,3,4,1
BDCDB,2,4,3,4,2
BDCDC,2,4,3,4,3
BDCDD,2,4,3,4,4
BDCDE,2,4,3,4,5
BDCEA,2,4,3,5,1
BDCEB,2,4,3,5,2
BDCEC,2,4,3,5,3
BDCED,2,4,3,5,4
BDCEE,2,4,3,5,5
BDDAA,2,4,4,1,1
BDDAB,2,4,4,1,2
BDDAC,2,4,4,1,3
BDDAD,2,4,4,1,4
BDDAE,2,4,4,1,5
BDDBA,2,4,4,2,1
BDDBB,2,4,4,2,2
BDDBC,2,4,4,2,3
BDDBD,2,4,4,2,4
BDDBE,2,4,4,2,5
BDDCA,2,4,4,3,1
BDDCB,2,4,4,3,2
BDDCC,2,4,4,3,3
BDDCD,2,4,4,3,4
BDDCE,2,4,4,3,5
BDDDA,2,4,4,4,1
BDDDB,2,4,4,4,2
BDDDC,2,4,4,4,3
BDDDD,2,4,4,4,4
BDDDE,2,4,4,4,5
BDDEA,2,4,4,5,1
BDDEB,2,4,4,5,2
BDDEC,2,4,4,5,3
BDDED,2,4,4,5,4
BDDEE,2,4,4,5,5
BDEAA,2,4,5,1,1
BDEAB,2,4,5,1,2
BDEAC,2,4,5,1,3
BDEAD,2,4,5,1,4
BDEAE,2,4,5,1,5
BDEBA,2,4,5,2,1
BDEBB,2,4,5,2,2
BDEBC,2,4,5,2,3
BDEBD,2,4,5,2,4
BDEBE,2,4,5,2,5
BDECA,2,4,5,3,1
BDECB,2,4,5,3,2
BDECC,2,4,5,3,3
BDECD,2,4,5,3,4
BDECE,2,4,5,3,5
BDEDA,2,4,5,4,1
BDEDB,2,4,5,4,2
BDEDC,2,4,5,4,3
BDEDD,2,4,5,4,4
BDEDE,2,4,5,4,5
BDEEA,2,4,5,5,1
BDEEB,2,4,5,5,2
BDEEC,2,4,5,5,3
BDEED,2,4,5,5,4
BDEEE,2,4,5,5,5
BEAAA,2,5,1,1,1
BEAAB,2,5,1,1,2
BEAAC,2,5,1,1,3
BEAAD,2,5,1,1,4
BEAAE,2,5,1,1,5
BEABA,2,5,1,2,1
BEABB,2,5,1,2,2
BEABC,2,5,1,2,3
BEABD,2,5,1,2,4
BEABE,2,5,1,2,5
BEACA,2,5,1,3,1
BEACB,2,5,1,3,2
BEACC,2,5,1,3,3
BEACD,2,5,1,3,4
BEACE,2,5,1,3,5
BEADA,2,5,1,4,1
BEADB,2,5,1,4,2
BEADC,2,5,1,4,3
BEADD,2,5,1,4,4
BEADE,2,5,1,4,5
BEAEA,2,5,1,5,1
BEAEB,2,5,1,5,2
BEAEC,2,5,1,5,3
BEAED,2,5,1,5,4
BEAEE,2,5,1,5,5
BEBAA,2,5,2,1,1
BEBAB,2,5,2,1,2
BEBAC,2,5,2,1,3
BEBAD,2,5,2,1,4
BEBAE,2,5,2,1,5
BEBBA,2,5,2,2,1
BEBBB,2,5,2,2,2
BEBBC,2,5,2,2,3
BEBBD,2,5,2,2,4
BEBBE,2,5,2,2,5
BEBCA,2,5,2,3,1
BEBCB,2,5,2,3,2
BEBCC,2,5,2,3,3
BEBCD,2,5,2,3,4
BEBCE,2,5,2,3,5
BEBDA,2,5,2,4,1
BEBDB,2,5,2,4,2
BEBDC,2,5,2,4,3
BEBDD,2,5,2,4,4
BEBDE,2,5,2,4,5
BEBEA,2,5,2,5,1
BEBEB,2,5,2,5,2
BEBEC,2,5,2,5,3
BEBED,2,5,2,5,4
BEBEE,2,5,2,5,5
BECAA,2,5,3,1,1
BECAB,2,5,3,1,2
BECAC,2,5,3,1,3
BECAD,2,5,3,1,4
BECAE,2,5,3,1,5
BECBA,2,5,3,2,1
BECBB,2,5,3,2,2
BECBC,2,5,3,2,3
BECBD,2,5,3,2,4
BECBE,2,5,3,2,5
BECCA,2,5,3,3,1
BECCB,2,5,3,3,2
BECCC,2,5,3,3,3
BECCD,2,5,3,3,4
BECCE,2,5,3,3,5
BECDA,2,5,3,4,1
BECDB,2,5,3,4,2
BECDC,2,5,3,4,3
BECDD,2,5,3,4,4
BECDE,2,5,3,4,5
BECEA,2,5,3,5,1
BECEB,2,5,3,5,2
BECEC,2,5,3,5,3
BECED,2,5,3,5,4
BECEE,2,5,3,5,5
BEDAA,2,5,4,1,1
BEDAB,2,5,4,1,2
BEDAC,2,5,4,1,3
BEDAD,2,5,4,1,4
BEDAE,2,5,4,1,5
BEDBA,2,5,4,2,1
BEDBB,2,5,4,2,2
BEDBC,2,5,4,2,3
BEDBD,2,5,4,2,4
BEDBE,2,5,4,2,5
BEDCA,2,5,4,3,1
BEDCB,2,5,4,3,2
BEDCC,2,5,4,3,3
BEDCD,2,5,4,3,4
BEDCE,2,5,4,3,5
BEDDA,2,5,4,4,1
BEDDB,2,5,4,4,2
BEDDC,2,5,4,4,3
BEDDD,2,5,4,4,4
BEDDE,2,5,4,4,5
BEDEA,2,5,4,5,1
BEDEB,2,5,4,5,2
BEDEC,2,5,4,5,3
BEDED,2,5,4,5,4
BEDEE,2,5,4,5,5
BEEAA,2,5,5,1,1
BEEAB,2,5,5,1,2
BEEAC,2,5,5,1,3
BEEAD,2,5,5,1,4
BEEAE,2,5,5,1,5
BEEBA,2,5,5,2,1
BEEBB,2,5,5,2,2
BEEBC,2,5,5,2,3
BEEBD,2,5,5,2,4
BEEBE,2,5,5,2,5
BEECA,2,5,5,3,1
BEECB,2,5,5,3,2
BEECC,2,5,5,3,3
BEECD,2,5,5,3,4
BEECE,2,5,5,3,5
BEEDA,2,5,5,4,1
BEEDB,2,5,5,4,2
BEEDC,2,5,5,4,3
BEEDD,2,5,5,4,4
BEEDE,2,5,5,4,5
BEEEA,2,5,5,5,1
BEEEB,2,5,5,5,2
BEEEC,2,5,5,5,3
BEEED,2,5,5,5,4
BEEEE,2,5,5,5,5
CAAAA,3,1,1,1,1
CAAAB,3,1,1,1,2
CAAAC,3,1,1,1,3
CAAAD,3,1,1,1,4
CAAAE,3,1,1,1,5
CAABA,3,1,1,2,1
CAABB,3,1,1,2,2
CAABC,3,1,1,2,3
CAABD,3,1,1,2,4
CAABE,3,1,1,2,5
CAACA,3,1,1,3,1
CAACB,3,1,1,3,2
CAACC,3,1,1,3,3
CAACD,3,1,1,3,4
CAACE,3,1,1,3,5
CAADA,3,1,1,4,1
CAADB,3,1,1,4,2
CAADC,3,1,1,4,3
CAADD,3,1,1,4,4
CAADE,3,1,1,4,5
CAAEA,3,1,1,5,1
CAAEB,3,1,1,5,2
CAAEC,3,1,1,5,3
CAAED,3,1,1,5,4
CAAEE,3,1,1,5,5
CABAA,3,1,2,1,1
CABAB,3,1,2,1,2
CABAC,3,1,2,1,3
CABAD,3,1,2,1,4
CABAE,3,1,2,1,5
CABBA,3,1,2,2,1
CABBB,3,1,2,2,2
CABBC,3,1,2,2,3
CABBD,3,1,2,2,4
CABBE,3,1,2,2,5
CABCA,3,1,2,3,1
CABCB,3,1,2,3,2
CABCC,3,1,2,3,3
CABCD,3,1,2,3,4
CABCE,3,1,2,3,5
CABDA,3,1,2,4,1
CABDB,3,1,2,4,2
CABDC,3,1,2,4,3
CABDD,3,1,2,4,4
CABDE,3,1,2,4,5
CABEA,3,1,2,5,1
CABEB,3,1,2,5,2
CABEC,3,1,2,5,3
CABED,3,1,2,5,4
CABEE,3,1,2,5,5
CACAA,3,1,3,1,1
CACAB,3,1,3,1,2
CACAC,3,1,3,1,3
CACAD,3,1,3,1,4
CACAE,3,1,3,1,5
CACBA,3,1,3,2,1
CACBB,3,1,3,2,2
CACBC,3,1,3,2,3
CACBD,3,1,3,2,4
CACBE,3,1,3,2,5
CACCA,3,1,3,3,1
CACCB,3,1,3,3,2
CACCC,3,1,3,3,3
CACCD,3,1,3,3,4
CACCE,3,1,3,3,5
CACDA,3,1,3,4,1
CACDB,3,1,3,4,2
CACDC,3,1,3,4,3
CACDD,3,1,3,4,4
CACDE,3,1,3,4,5
CACEA,3,1,3,5,1
CACEB,3,1,3,5,2
CACEC,3,1,3,5,3
CACED,3,1,3,5,4
CACEE,3,1,3,5,5
CADAA,3,1,4,1,1
CADAB,3,1,4,1,2
CADAC,3,1,4,1,3
CADAD,3,1,4,1,4
CADAE,3,1,4,1,5
CADBA,3,1,4,2,1
CADBB,3,1,4,2,2
CADBC,3,1,4,2,3
CADBD,3,1,4,2,4
CADBE,3,1,4,2,5
CADCA,3,1,4,3,1
CADCB,3,1,4,3,2
CADCC,3,1,4,3,3
CADCD,3,1,4,3,4
CADCE,3,1,4,3,5
CADDA,3,1,4,4,1
CADDB,3,1,4,4,2
CADDC,3,1,4,4,3
CADDD,3,1,4,4,4
CADDE,3,1,4,4,5
CADEA,3,1,4,5,1
CADEB,3,1,4,5,2
CADEC,3,1,4,5,3
CADED,3,1,4,5,4
CADEE,3,1,4,5,5
CAEAA,3,1,5,1,1
CAEAB,3,1,5,1,2
CAEAC,3,1,5,1,3
CAEAD,3,1,5,1,4
CAEAE,3,1,5,1,5
CAEBA,3,1,5,2,1
CAEBB,3,1,5,2,2
CAEBC,3,1,5,2,3
CAEBD,3,1,5,2,4
CAEBE,3,1,5,2,5
CAECA,3,1,5,3,1
CAECB,3,1,5,3,2
CAECC,3,1,5,3,3
CAECD,3,1,5,3,4
CAECE,3,1,5,3,5
CAEDA,3,1,5,4,1
CAEDB,3,1,5,4,2
CAEDC,3,1,5,4,3
CAEDD,3,1,5,4,4
CAEDE,3,1,5,4,5
CAEEA,3,1,5,5,1
CAEEB,3,1,5,5,2
CAEEC,3,1,5,5,3
CAEED,3,1,5,5,4
CAEEE,3,1,5,5,5
CBAAA,3,2,1,1,1
CBAAB,3,2,1,1,2
CBAAC,3,2,1,1,3
CBAAD,3,2,1,1,4
CBAAE,3,2,1,1,5
CBABA,3,2,1,2,1
CBABB,3,2,1,2,2
CBABC,3,2,1,2,3
CBABD,3,2,1,2,4
CBABE,3,2,1,2,5
CBACA,3,2,1,3,1
CBACB,3,2,1,3,2
CBACC,3,2,1,3,3
CBACD,3,2,1,3,4
CBACE,3,2,1,3,5
CBADA,3,2,1,4,1
CBADB,3,2,1,4,2
CBADC,3,2,1,4,3
CBADD,3,2,1,4,4
CBADE,3,2,1,4,5
CBAEA,3,2,1,5,1
CBAEB,3,2,1,5,2
CBAEC,3,2,1,5,3
CBAED,3,2,1,5,4
CBAEE,3,2,1,5,5
CBBAA,3,2,2,1,1
CBBAB,3,2,2,1,2
CBBAC,3,2,2,1,3
CBBAD,3,2,2,1,4
CBBAE,3,2,2,1,5
CBBBA,3,2,2,2,1
CBBBB,3,2,2,2,2
CBBBC,3,2,2,2,3
CBBBD,3,2,2,2,4
CBBBE,3,2,2,2,5
CBBCA,3,2,2,3,1
CBBCB,3,2,2,3,2
CBBCC,3,2,2,3,3
CBBCD,3,2,2,3,4
CBBCE,3,2,2,3,5
CBBDA,3,2,2,4,1
CBBDB,3,2,2,4,2
CBBDC,3,2,2,4,3
CBBDD,3,2,2,4,4
CBBDE,3,2,2,4,5
CBBEA,3,2,2,5,1
CBBEB,3,2,2,5,2
CBBEC,3,2,2,5,3
CBBED,3,2,2,5,4
CBBEE,3,2,2,5,5
CBCAA,3,2,3,1,1
CBCAB,3,2,3,1,2
CBCAC,3,2,3,1,3
CBCAD,3,2,3,1,4
CBCAE,3,2,3,1,5
CBCBA,3,2,3,2,1
CBCBB,3,2,3,2,2
CBCBC,3,2,3,2,3
CBCBD,3,2,3,2,4
CBCBE,3,2,3,2,5
CBCCA,3,2,3,3,1
CBCCB,3,2,3,3,2
CBCCC,3,2,3,3,3
CBCCD,3,2,3,3,4
CBCCE,3,2,3,3,5
CBCDA,3,2,3,4,1
CBCDB,3,2,3,4,2
CBCDC,3,2,3,4,3
CBCDD,3,2,3,4,4
CBCDE,3,2,3,4,5
CBCEA,3,2,3,5,1
CBCEB,3,2,3,5,2
CBCEC,3,2,3,5,3
CBCED,3,2,3,5,4
CBCEE,3,2,3,5,5
CBDAA,3,2,4,1,1
CBDAB,3,2,4,1,2
CBDAC,3,2,4,1,3
CBDAD,3,2,4,1,4
CBDAE,3,2,4,1,5
CBDBA,3,2,4,2,1
CBDBB,3,2,4,2,2
CBDBC,3,2,4,2,3
CBDBD,3,2,4,2,4
CBDBE,3,2,4,2,5
CBDCA,3,2,4,3,1
CBDCB,3,2,4,3,2
CBDCC,3,2,4,3,3
CBDCD,3,2,4,3,4
CBDCE,3,2,4,3,5
CBDDA,3,2,4,4,1
CBDDB,3,2,4,4,2
CBDDC,3,2,4,4,3
CBDDD,3,2,4,4,4
CBDDE,3,2,4,4,5
CBDEA,3,2,4,5,1
CBDEB,3,2,4,5,2
CBDEC,3,2,4,5,3
CBDED,3,2,4,5,4
CBDEE,3,2,4,5,5
CBEAA,3,2,5,1,1
CBEAB,3,2,5,1,2
CBEAC,3,2,5,1,3
CBEAD,3,2,5,1,4
CBEAE,3,2,5,1,5
CBEBA,3,2,5,2,1
CBEBB,3,2,5,2,2
CBEBC,3,2,5,2,3
CBEBD,3,2,5,2,4
CBEBE,3,2,5,2,5
CBECA,3,2,5,3,1
CBECB,3,2,5,3,2
CBECC,3,2,5,3,3
CBECD,3,2,5,3,4
CBECE,3,2,5,3,5
CBEDA,3,2,5,4,1
CBEDB,3,2,5,4,2
CBEDC,3,2,5,4,3
CBEDD,3,2,5,4,4
CBEDE,3,2,5,4,5
CBEEA,3,2,5,5,1
CBEEB,3,2,5,5,2
CBEEC,3,2,5,5,3
CBEED,3,2,5,5,4
CBEEE,3,2,5,5,5
CCAAA,3,3,1,1,1
CCAAB,3,3,1,1,2
CCAAC,3,3,1,1,3
CCAAD,3,3,1,1,4
CCAAE,3,3,1,1,5
CCABA,3,3,1,2,1
CCABB,3,3,1,2,2
CCABC,3,3,1,2,3
CCABD,3,3,1,2,4
CCABE,3,3,1,2,5
CCACA,3,3,1,3,1
CCACB,3,3,1,3,2
CCACC,3,3,1,3,3
CCACD,3,3,1,3,4
CCACE,3,3,1,3,5
CCADA,3,3,1,4,1
CCADB,3,3,1,4,2
CCADC,3,3,1,4,3
CCADD,3,3,1,4,4
CCADE,3,3,1,4,5
CCAEA,3,3,1,5,1
CCAEB,3,3,1,5,2
CCAEC,3,3,1,5,3
CCAED,3,3,1,5,4
CCAEE,3,3,1,5,5
CCBAA,3,3,2,1,1
CCBAB,3,3,2,1,2
CCBAC,3,3,2,1,3
CCBAD,3,3,2,1,4
CCBAE,3,3,2,1,5
CCBBA,3,3,2,2,1
CCBBB,3,3,2,2,2
CCBBC,3,3,2,2,3
CCBBD,3,3,2,2,4
CCBBE,3,3,2,2,5
CCBCA,3,3,2,3,1
CCBCB,3,3,2,3,2
CCBCC,3,3,2,3,3
CCBCD,3,3,2,3,4
CCBCE,3,3,2,3,5
CCBDA,3,3,2,4,1
CCBDB,3,3,2,4,2
CCBDC,3,3,2,4,3
CCBDD,3,3,2,4,4
CCBDE,3,3,2,4,5
CCBEA,3,3,2,5,1
CCBEB,3,3,2,5,2
CCBEC,3,3,2,5,3
CCBED,3,3,2,5,4
CCBEE,3,3,2,5,5
CCCAA,3,3,3,1,1
CCCAB,3,3,3,1,2
CCCAC,3,3,3,1,3
CCCAD,3,3,3,1,4
CCCAE,3,3,3,1,5
CCCBA,3,3,3,2,1
CCCBB,3,3,3,2,2
CCCBC,3,3,3,2,3
CCCBD,3,3,3,2,4
CCCBE,3,3,3,2,5
CCCCA,3,3,3,3,1
CCCCB,3,3,3,3,2
CCCCC,3,3,3,3,3
CCCCD,3,3,3,3,4
CCCCE,3,3,3,3,5
CCCDA,3,3,3,4,1
CCCDB,3,3,3,4,2
CCCDC,3,3,3,4,3
CCCDD,3,3,3,4,4
CCCDE,3,3,3,4,5
CCCEA,3,3,3,5,1
CCCEB,3,3,3,5,2
CCCEC,3,3,3,5,3
CCCED,3,3,3,5,4
CCCEE,3,3,3,5,5
CCDAA,3,3,4,1,1
CCDAB,3,3,4,1,2
CCDAC,3,3,4,1,3
CCDAD,3,3,4,1,4
CCDAE,3,3,4,1,5
CCDBA,3,3,4,2,1
CCDBB,3,3,4,2,2
CCDBC,3,3,4,2,3
CCDBD,3,3,4,2,4
CCDBE,3,3,4,2,5
CCDCA,3,3,4,3,1
CCDCB,3,3,4,3,2
CCDCC,3,3,4,3,3
CCDCD,3,3,4,3,4
CCDCE,3,3,4,3,5
CCDDA,3,3,4,4,1
CCDDB,3,3,4,4,2
CCDDC,3,3,4,4,3
CCDDD,3,3,4,4,4
CCDDE,3,3,4,4,5
CCDEA,3,3,4,5,1
CCDEB,3,3,4,5,2
CCDEC,3,3,4,5,3
CCDED,3,3,4,5,4
CCDEE,3,3,4,5,5
CCEAA,3,3,5,1,1
CCEAB,3,3,5,1,2
CCEAC,3,3,5,1,3
CCEAD,3,3,5,1,4
CCEAE,3,3,5,1,5
CCEBA,3,3,5,2,1
CCEBB,3,3,5,2,2
CCEBC,3,3,5,2,3
CCEBD,3,3,5,2,4
CCEBE,3,3,5,2,5
CCECA,3,3,5,3,1
CCECB,3,3,5,3,2
CCECC,3,3,5,3,3
CCECD,3,3,5,3,4
CCECE,3,3,5,3,5
CCEDA,3,3,5,4,1
CCEDB,3,3,5,4,2
CCEDC,3,3,5,4,3
CCEDD,3,3,5,4,4
CCEDE,3,3,5,4,5
CCEEA,3,3,5,5,1
CCEEB,3,3,5,5,2
CCEEC,3,3,5,5,3
CCEED,3,3,5,5,4
CCEEE,3,3,5,5,5
CDAAA,3,4,1,1,1
CDAAB,3,4,1,1,2
CDAAC,3,4,1,1,3
CDAAD,3,4,1,1,4
CDAAE,3,4,1,1,5
CDABA,3,4,1,2,1
CDABB,3,4,1,2,2
CDABC,3,4,1,2,3
CDABD,3,4,1,2,4
CDABE,3,4,1,2,5
CDACA,3,4,1,3,1
CDACB,3,4,1,3,2
CDACC,3,4,1,3,3
CDACD,3,4,1,3,4
CDACE,3,4,1,3,5
CDADA,3,4,1,4,1
CDADB,3,4,1,4,2
CDADC,3,4,1,4,3
CDADD,3,4,1,4,4
CDADE,3,4,1,4,5
CDAEA,3,4,1,5,1
CDAEB,3,4,1,5,2
CDAEC,3,4,1,5,3
CDAED,3,4,1,5,4
CDAEE,3,4,1,5,5
CDBAA,3,4,2,1,1
CDBAB,3,4,2,1,2
CDBAC,3,4,2,1,3
CDBAD,3,4,2,1,4
CDBAE,3,4,2,1,5
CDBBA,3,4,2,2,1
CDBBB,3,4,2,2,2
CDBBC,3,4,2,2,3
CDBBD,3,4,2,2,4
CDBBE,3,4,2,2,5
CDBCA,3,4,2,3,1
CDBCB,3,4,2,3,2
CDBCC,3,4,2,3,3
CDBCD,3,4,2,3,4
CDBCE,3,4,2,3,5
CDBDA,3,4,2,4,1
CDBDB,3,4,2,4,2
CDBDC,3,4,2,4,3
CDBDD,3,4,2,4,4
CDBDE,3,4,2,4,5
CDBEA,3,4,2,5,1
CDBEB,3,4,2,5,2
CDBEC,3,4,2,5,3
CDBED,3,4,2,5,4
CDBEE,3,4,2,5,5
CDCAA,3,4,3,1,1
CDCAB,3,4,3,1,2
CDCAC,3,4,3,1,3
CDCAD,3,4,3,1,4
CDCAE,3,4,3,1,5
CDCBA,3,4,3,2,1
CDCBB,3,4,3,2,2
CDCBC,3,4,3,2,3
CDCBD,3,4,3,2,4
CDCBE,3,4,3,2,5
CDCCA,3,4,3,3,1
CDCCB,3,4,3,3,2
CDCCC,3,4,3,3,3
CDCCD,3,4,3,3,4
CDCCE,3,4,3,3,5
CDCDA,3,4,3,4,1
CDCDB,3,4,3,4,2
CDCDC,3,4,3,4,3
CDCDD,3,4,3,4,4
CDCDE,3,4,3,4,5
CDCEA,3,4,3,5,1
CDCEB,3,4,3,5,2
CDCEC,3,4,3,5,3
CDCED,3,4,3,5,4
CDCEE,3,4,3,5,5
CDDAA,3,4,4,1,1
CDDAB,3,4,4,1,2
CDDAC,3,4,4,1,3
CDDAD,3,4,4,1,4
CDDAE,3,4,4,1,5
CDDBA,3,4,4,2,1
CDDBB,3,4,4,2,2
CDDBC,3,4,4,2,3
CDDBD,3,4,4,2,4
CDDBE,3,4,4,2,5
CDDCA,3,4,4,3,1
CDDCB,3,4,4,3,2
CDDCC,3,4,4,3,3
CDDCD,3,4,4,3,4
CDDCE,3,4,4,3,5
CDDDA,3,4,4,4,1
CDDDB,3,4,4,4,2
CDDDC,3,4,4,4,3
CDDDD,3,4,4,4,4
CDDDE,3,4,4,4,5
CDDEA,3,4,4,5,1
CDDEB,3,4,4,5,2
CDDEC,3,4,4,5,3
CDDED,3,4,4,5,4
CDDEE,3,4,4,5,5
CDEAA,3,4,5,1,1
CDEAB,3,4,5,1,2
CDEAC,3,4,5,1,3
CDEAD,3,4,5,1,4
CDEAE,3,4,5,1,5
CDEBA,3,4,5,2,1
CDEBB,3,4,5,2,2
CDEBC,3,4,5,2,3
CDEBD,3,4,5,2,4
CDEBE,3,4,5,2,5
CDECA,3,4,5,3,1
CDECB,3,4,5,3,2
CDECC,3,4,5,3,3
CDECD,3,4,5,3,4
CDECE,3,4,5,3,5
CDEDA,3,4,5,4,1
CDEDB,3,4,5,4,2
CDEDC,3,4,5,4,3
CDEDD,3,4,5,4,4
CDEDE,3,4,5,4,5
CDEEA,3,4,5,5,1
CDEEB,3,4,5,5,2
CDEEC,3,4,5,5,3
CDEED,3,4,5,5,4
CDEEE,3,4,5,5,5
CEAAA,3,5,1,1,1
CEAAB,3,5,1,1,2
CEAAC,3,5,1,1,3
CEAAD,3,5,1,1,4
CEAAE,3,5,1,1,5
CEABA,3,5,1,2,1
CEABB,3,5,1,2,2
CEABC,3,5,1,2,3
CEABD,3,5,1,2,4
CEABE,3,5,1,2,5
CEACA,3,5,1,3,1
CEACB,3,5,1,3,2
CEACC,3,5,1,3,3
CEACD,3,5,1,3,4
CEACE,3,5,1,3,5
CEADA,3,5,1,4,1
CEADB,3,5,1,4,2
CEADC,3,5,1,4,3
CEADD,3,5,1,4,4
CEADE,3,5,1,4,5
CEAEA,3,5,1,5,1
CEAEB,3,5,1,5,2
CEAEC,3,5,1,5,3
CEAED,3,5,1,5,4
CEAEE,3,5,1,5,5
CEBAA,3,5,2,1,1
CEBAB,3,5,2,1,2
CEBAC,3,5,2,1,3
CEBAD,3,5,2,1,4
CEBAE,3,5,2,1,5
CEBBA,3,5,2,2,1
CEBBB,3,5,2,2,2
CEBBC,3,5,2,2,3
CEBBD,3,5,2,2,4
CEBBE,3,5,2,2,5
CEBCA,3,5,2,3,1
CEBCB,3,5,2,3,2
CEBCC,3,5,2,3,3
CEBCD,3,5,2,3,4
CEBCE,3,5,2,3,5
CEBDA,3,5,2,4,1
CEBDB,3,5,2,4,2
CEBDC,3,5,2,4,3
CEBDD,3,5,2,4,4
CEBDE,3,5,2,4,5
CEBEA,3,5,2,5,1
CEBEB,3,5,2,5,2
CEBEC,3,5,2,5,3
CEBED,3,5,2,5,4
CEBEE,3,5,2,5,5
CECAA,3,5,3,1,1
CECAB,3,5,3,1,2
CECAC,3,5,3,1,3
CECAD,3,5,3,1,4
CECAE,3,5,3,1,5
CECBA,3,5,3,2,1
CECBB,3,5,3,2,2
CECBC,3,5,3,2,3
CECBD,3,5,3,2,4
CECBE,3,5,3,2,5
CECCA,3,5,3,3,1
CECCB,3,5,3,3,2
CECCC,3,5,3,3,3
CECCD,3,5,3,3,4
CECCE,3,5,3,3,5
CECDA,3,5,3,4,1
CECDB,3,5,3,4,2
CECDC,3,5,3,4,3
CECDD,3,5,3,4,4
CECDE,3,5,3,4,5
CECEA,3,5,3,5,1
CECEB,3,5,3,5,2
CECEC,3,5,3,5,3
CECED,3,5,3,5,4
CECEE,3,5,3,5,5
CEDAA,3,5,4,1,1
CEDAB,3,5,4,1,2
CEDAC,3,5,4,1,3
CEDAD,3,5,4,1,4
CEDAE,3,5,4,1,5
CEDBA,3,5,4,2,1
CEDBB,3,5,4,2,2
CEDBC,3,5,4,2,3
CEDBD,3,5,4,2,4
CEDBE,3,5,4,2,5
CEDCA,3,5,4,3,1
CEDCB,3,5,4,3,2
CEDCC,3,5,4,3,3
CEDCD,3,5,4,3,4
CEDCE,3,5,4,3,5
CEDDA,3,5,4,4,1
CEDDB,3,5,4,4,2
CEDDC,3,5,4,4,3
CEDDD,3,5,4,4,4
CEDDE,3,5,4,4,5
CEDEA,3,5,4,5,1
CEDEB,3,5,4,5,2
CEDEC,3,5,4,5,3
CEDED,3,5,4,5,4
CEDEE,3,5,4,5,5
CEEAA,3,5,5,1,1
CEEAB,3,5,5,1,2
CEEAC,3,5,5,1,3
CEEAD,3,5,5,1,4
CEEAE,3,5,5,1,5
CEEBA,3,5,5,2,1
CEEBB,3,5,5,2,2
CEEBC,3,5,5,2,3
CEEBD,3,5,5,2,4
CEEBE,3,5,5,2,5
CEECA,3,5,5,3,1
CEECB,3,5,5,3,2
CEECC,3,5,5,3,3
CEECD,3,5,5,3,4
CEECE,3,5,5,3,5
CEEDA,3,5,5,4,1
CEEDB,3,5,5,4,2
CEEDC,3,5,5,4,3
CEEDD,3,5,5,4,4
CEEDE,3,5,5,4,5
CEEEA,3,5,5,5,1
CEEEB,3,5,5,5,2
CEEEC,3,5,5,5,3
CEEED,3,5,5,5,4
CEEEE,3,5,5,5,5
DAAAA,4,1,1,1,1
DAAAB,4,1,1,1,2
DAAAC,4,1,1,1,3
DAAAD,4,1,1,1,4
DAAAE,4,1,1,1,5
DAABA,4,1,1,2,1
DAABB,4,1,1,2,2
DAABC,4,1,1,2,3
DAABD,4,1,1,2,4
DAABE,4,1,1,2,5
DAACA,4,1,1,3,1
DAACB,4,1,1,3,2
DAACC,4,1,1,3,3
DAACD,4,1,1,3,4
DAACE,4,1,1,3,5
DAADA,4,1,1,4,1
DAADB,4,1,1,4,2
DAADC,4,1,1,4,3
DAADD,4,1,1,4,4
DAADE,4,1,1,4,5
DAAEA,4,1,1,5,1
DAAEB,4,1,1,5,2
DAAEC,4,1,1,5,3
DAAED,4,1,1,5,4
DAAEE,4,1,1,5,5
DABAA,4,1,2,1,1
DABAB,4,1,2,1,2
DABAC,4,1,2,1,3
DABAD,4,1,2,1,4
DABAE,4,1,2,1,5
DABBA,4,1,2,2,1
DABBB,4,1,2,2,2
DABBC,4,1,2,2,3
DABBD,4,1,2,2,4
DABBE,4,1,2,2,5
DABCA,4,1,2,3,1
DABCB,4,1,2,3,2
DABCC,4,1,2,3,3
DABCD,4,1,2,3,4
DABCE,4,1,2,3,5
DABDA,4,1,2,4,1
DABDB,4,1,2,4,2
DABDC,4,1,2,4,3
DABDD,4,1,2,4,4
DABDE,4,1,2,4,5
DABEA,4,1,2,5,1
DABEB,4,1,2,5,2
DABEC,4,1,2,5,3
DABED,4,1,2,5,4
DABEE,4,1,2,5,5
DACAA,4,1,3,1,1
DACAB,4,1,3,1,2
DACAC,4,1,3,1,3
DACAD,4,1,3,1,4
DACAE,4,1,3,1,5
DACBA,4,1,3,2,1
DACBB,4,1,3,2,2
DACBC,4,1,3,2,3
DACBD,4,1,3,2,4
DACBE,4,1,3,2,5
DACCA,4,1,3,3,1
DACCB,4,1,3,3,2
DACCC,4,1,3,3,3
DACCD,4,1,3,3,4
DACCE,4,1,3,3,5
DACDA,4,1,3,4,1
DACDB,4,1,3,4,2
DACDC,4,1,3,4,3
DACDD,4,1,3,4,4
DACDE,4,1,3,4,5
DACEA,4,1,3,5,1
DACEB,4,1,3,5,2
DACEC,4,1,3,5,3
DACED,4,1,3,5,4
DACEE,4,1,3,5,5
DADAA,4,1,4,1,1
DADAB,4,1,4,1,2
DADAC,4,1,4,1,3
DADAD,4,1,4,1,4
DADAE,4,1,4,1,5
DADBA,4,1,4,2,1
DADBB,4,1,4,2,2
DADBC,4,1,4,2,3
DADBD,4,1,4,2,4
DADBE,4,1,4,2,5
DADCA,4,1,4,3,1
DADCB,4,1,4,3,2
DADCC,4,1,4,3,3
DADCD,4,1,4,3,4
DADCE,4,1,4,3,5
DADDA,4,1,4,4,1
DADDB,4,1,4,4,2
DADDC,4,1,4,4,3
DADDD,4,1,4,4,4
DADDE,4,1,4,4,5
DADEA,4,1,4,5,1
DADEB,4,1,4,5,2
DADEC,4,1,4,5,3
DADED,4,1,4,5,4
DADEE,4,1,4,5,5
DAEAA,4,1,5,1,1
DAEAB,4,1,5,1,2
DAEAC,4,1,5,1,3
DAEAD,4,1,5,1,4
DAEAE,4,1,5,1,5
DAEBA,4,1,5,2,1
DAEBB,4,1,5,2,2
DAEBC,4,1,5,2,3
DAEBD,4,1,5,2,4
DAEBE,4,1,5,2,5
DAECA,4,1,5,3,1
DAECB,4,1,5,3,2
DAECC,4,1,5,3,3
DAECD,4,1,5,3,4
DAECE,4,1,5,3,5
DAEDA,4,1,5,4,1
DAEDB,4,1,5,4,2
DAEDC,4,1,5,4,3
DAEDD,4,1,5,4,4
DAEDE,4,1,5,4,5
DAEEA,4,1,5,5,1
DAEEB,4,1,5,5,2
DAEEC,4,1,5,5,3
DAEED,4,1,5,5,4
DAEEE,4,1,5,5,5
DBAAA,4,2,1,1,1
DBAAB,4,2,1,1,2
DBAAC,4,2,1,1,3
DBAAD,4,2,1,1,4
DBAAE,4,2,1,1,5
DBABA,4,2,1,2,1
DBABB,4,2,1,2,2
DBABC,4,2,1,2,3
DBABD,4,2,1,2,4
DBABE,4,2,1,2,5
DBACA,4,2,1,3,1
DBACB,4,2,1,3,2
DBACC,4,2,1,3,3
DBACD,4,2,1,3,4
DBACE,4,2,1,3,5
DBADA,4,2,1,4,1
DBADB,4,2,1,4,2
DBADC,4,2,1,4,3
DBADD,4,2,1,4,4
DBADE,4,2,1,4,5
DBAEA,4,2,1,5,1
DBAEB,4,2,1,5,2
DBAEC,4,2,1,5,3
DBAED,4,2,1,5,4
DBAEE,4,2,1,5,5
DBBAA,4,2,2,1,1
DBBAB,4,2,2,1,2
DBBAC,4,2,2,1,3
DBBAD,4,2,2,1,4
DBBAE,4,2,2,1,5
DBBBA,4,2,2,2,1
DBBBB,4,2,2,2,2
DBBBC,4,2,2,2,3
DBBBD,4,2,2,2,4
DBBBE,4,2,2,2,5
DBBCA,4,2,2,3,1
DBBCB,4,2,2,3,2
DBBCC,4,2,2,3,3
DBBCD,4,2,2,3,4
DBBCE,4,2,2,3,5
DBBDA,4,2,2,4,1
DBBDB,4,2,2,4,2
DBBDC,4,2,2,4,3
DBBDD,4,2,2,4,4
DBBDE,4,2,2,4,5
DBBEA,4,2,2,5,1
DBBEB,4,2,2,5,2
DBBEC,4,2,2,5,3
DBBED,4,2,2,5,4
DBBEE,4,2,2,5,5
DBCAA,4,2,3,1,1
DBCAB,4,2,3,1,2
DBCAC,4,2,3,1,3
DBCAD,4,2,3,1,4
DBCAE,4,2,3,1,5
DBCBA,4,2,3,2,1
DBCBB,4,2,3,2,2
DBCBC,4,2,3,2,3
DBCBD,4,2,3,2,4
DBCBE,4,2,3,2,5
DBCCA,4,2,3,3,1
DBCCB,4,2,3,3,2
DBCCC,4,2,3,3,3
DBCCD,4,2,3,3,4
DBCCE,4,2,3,3,5
DBCDA,4,2,3,4,1
DBCDB,4,2,3,4,2
DBCDC,4,2,3,4,3
DBCDD,4,2,3,4,4
DBCDE,4,2,3,4,5
DBCEA,4,2,3,5,1
DBCEB,4,2,3,5,2
DBCEC,4,2,3,5,3
DBCED,4,2,3,5,4
DBCEE,4,2,3,5,5
DBDAA,4,2,4,1,1
DBDAB,4,2,4,1,2
DBDAC,4,2,4,1,3
DBDAD,4,2,4,1,4
DBDAE,4,2,4,1,5
DBDBA,4,2,4,2,1
DBDBB,4,2,4,2,2
DBDBC,4,2,4,2,3
DBDBD,4,2,4,2,4
DBDBE,4,2,4,2,5
DBDCA,4,2,4,3,1
DBDCB,4,2,4,3,2
DBDCC,4,2,4,3,3
DBDCD,4,2,4,3,4
DBDCE,4,2,4,3,5
DBDDA,4,2,4,4,1
DBDDB,4,2,4,4,2
DBDDC,4,2,4,4,3
DBDDD,4,2,4,4,4
DBDDE,4,2,4,4,5
DBDEA,4,2,4,5,1
DBDEB,4,2,4,5,2
DBDEC,4,2,4,5,3
DBDED,4,2,4,5,4
DBDEE,4,2,4,5,5
DBEAA,4,2,5,1,1
DBEAB,4,2,5,1,2
DBEAC,4,2,5,1,3
DBEAD,4,2,5,1,4
DBEAE,4,2,5,1,5
DBEBA,4,2,5,2,1
DBEBB,4,2,5,2,2
DBEBC,4,2,5,2,3
DBEBD,4,2,5,2,4
DBEBE,4,2,5,2,5
DBECA,4,2,5,3,1
DBECB,4,2,5,3,2
DBECC,4,2,5,3,3
DBECD,4,2,5,3,4
DBECE,4,2,5,3,5
DBEDA,4,2,5,4,1
DBEDB,4,2,5,4,2
DBEDC,4,2,5,4,3
DBEDD,4,2,5,4,4
DBEDE,4,2,5,4,5
DBEEA,4,2,5,5,1
DBEEB,4,2,5,5,2
DBEEC,4,2,5,5,3
DBEED,4,2,5,5,4
DBEEE,4,2,5,5,5
DCAAA,4,3,1,1,1
DCAAB,4,3,1,1,2
DCAAC,4,3,1,1,3
DCAAD,4,3,1,1,4
DCAAE,4,3,1,1,5
DCABA,4,3,1,2,1
DCABB,4,3,1,2,2
DCABC,4,3,1,2,3
DCABD,4,3,1,2,4
DCABE,4,3,1,2,5
DCACA,4,3,1,3,1
DCACB,4,3,1,3,2
DCACC,4,3,1,3,3
DCACD,4,3,1,3,4
DCACE,4,3,1,3,5
DCADA,4,3,1,4,1
DCADB,4,3,1,4,2
DCADC,4,3,1,4,3
DCADD,4,3,1,4,4
DCADE,4,3,1,4,5
DCAEA,4,3,1,5,1
DCAEB,4,3,1,5,2
DCAEC,4,3,1,5,3
DCAED,4,3,1,5,4
DCAEE,4,3,1,5,5
DCBAA,4,3,2,1,1
DCBAB,4,3,2,1,2
DCBAC,4,3,2,1,3
DCBAD,4,3,2,1,4
DCBAE,4,3,2,1,5
DCBBA,4,3,2,2,1
DCBBB,4,3,2,2,2
DCBBC,4,3,2,2,3
DCBBD,4,3,2,2,4
DCBBE,4,3,2,2,5
DCBCA,4,3,2,3,1
DCBCB,4,3,2,3,2
DCBCC,4,3,2,3,3
DCBCD,4,3,2,3,4
DCBCE,4,3,2,3,5
DCBDA,4,3,2,4,1
DCBDB,4,3,2,4,2
DCBDC,4,3,2,4,3
DCBDD,4,3,2,4,4
DCBDE,4,3,2,4,5
DCBEA,4,3,2,5,1
DCBEB,4,3,2,5,2
DCBEC,4,3,2,5,3
DCBED,4,3,2,5,4
DCBEE,4,3,2,5,5
DCCAA,4,3,3,1,1
DCCAB,4,3,3,1,2
DCCAC,4,3,3,1,3
DCCAD,4,3,3,1,4
DCCAE,4,3,3,1,5
DCCBA,4,3,3,2,1
DCCBB,4,3,3,2,2
DCCBC,4,3,3,2,3
DCCBD,4,3,3,2,4
DCCBE,4,3,3,2,5
DCCCA,4,3,3,3,1
DCCCB,4,3,3,3,2
DCCCC,4,3,3,3,3
DCCCD,4,3,3,3,4
DCCCE,4,3,3,3,5
DCCDA,4,3,3,4,1
DCCDB,4,3,3,4,2
DCCDC,4,3,3,4,3
DCCDD,4,3,3,4,4
DCCDE,4,3,3,4,5
DCCEA,4,3,3,5,1
DCCEB,4,3,3,5,2
DCCEC,4,3,3,5,3
DCCED,4,3,3,5,4
DCCEE,4,3,3,5,5
DCDAA,4,3,4,1,1
DCDAB,4,3,4,1,2
DCDAC,4,3,4,1,3
DCDAD,4,3,4,1,4
DCDAE,4,3,4,1,5
DCDBA,4,3,4,2,1
DCDBB,4,3,4,2,2
DCDBC,4,3,4,2,3
DCDBD,4,3,4,2,4
DCDBE,4,3,4,2,5
DCDCA,4,3,4,3,1
DCDCB,4,3,4,3,2
DCDCC,4,3,4,3,3
DCDCD,4,3,4,3,4
DCDCE,4,3,4,3,5
DCDDA,4,3,4,4,1
DCDDB,4,3,4,4,2
DCDDC,4,3,4,4,3
DCDDD,4,3,4,4,4
DCDDE,4,3,4,4,5
DCDEA,4,3,4,5,1
DCDEB,4,3,4,5,2
DCDEC,4,3,4,5,3
DCDED,4,3,4,5,4
DCDEE,4,3,4,5,5
DCEAA,4,3,5,1,1
DCEAB,4,3,5,1,2
DCEAC,4,3,5,1,3
DCEAD,4,3,5,1,4
DCEAE,4,3,5,1,5
DCEBA,4,3,5,2,1
DCEBB,4,3,5,2,2
DCEBC,4,3,5,2,3
DCEBD,4,3,5,2,4
DCEBE,4,3,5,2,5
DCECA,4,3,5,3,1
DCECB,4,3,5,3,2
DCECC,4,3,5,3,3
DCECD,4,3,5,3,4
DCECE,4,3,5,3,5
DCEDA,4,3,5,4,1
DCEDB,4,3,5,4,2
DCEDC,4,3,5,4,3
DCEDD,4,3,5,4,4
DCEDE,4,3,5,4,5
DCEEA,4,3,5,5,1
DCEEB,4,3,5,5,2
DCEEC,4,3,5,5,3
DCEED,4,3,5,5,4
DCEEE,4,3,5,5,5
DDAAA,4,4,1,1,1
DDAAB,4,4,1,1,2
DDAAC,4,4,1,1,3
DDAAD,4,4,1,1,4
DDAAE,4,4,1,1,5
DDABA,4,4,1,2,1
DDABB,4,4,1,2,2
DDABC,4,4,1,2,3
DDABD,4,4,1,2,4
DDABE,4,4,1,2,5
DDACA,4,4,1,3,1
DDACB,4,4,1,3,2
DDACC,4,4,1,3,3
DDACD,4,4,1,3,4
DDACE,4,4,1,3,5
DDADA,4,4,1,4,1
DDADB,4,4,1,4,2
DDADC,4,4,1,4,3
DDADD,4,4,1,4,4
DDADE,4,4,1,4,5
DDAEA,4,4,1,5,1
DDAEB,4,4,1,5,2
DDAEC,4,4,1,5,3
DDAED,4,4,1,5,4
DDAEE,4,4,1,5,5
DDBAA,4,4,2,1,1
DDBAB,4,4,2,1,2
DDBAC,4,4,2,1,3
DDBAD,4,4,2,1,4
DDBAE,4,4,2,1,5
DDBBA,4,4,2,2,1
DDBBB,4,4,2,2,2
DDBBC,4,4,2,2,3
DDBBD,4,4,2,2,4
DDBBE,4,4,2,2,5
DDBCA,4,4,2,3,1
DDBCB,4,4,2,3,2
DDBCC,4,4,2,3,3
DDBCD,4,4,2,3,4
DDBCE,4,4,2,3,5
DDBDA,4,4,2,4,1
DDBDB,4,4,2,4,2
DDBDC,4,4,2,4,3
DDBDD,4,4,2,4,4
DDBDE,4,4,2,4,5
DDBEA,4,4,2,5,1
DDBEB,4,4,2,5,2
DDBEC,4,4,2,5,3
DDBED,4,4,2,5,4
DDBEE,4,4,2,5,5
DDCAA,4,4,3,1,1
DDCAB,4,4,3,1,2
DDCAC,4,4,3,1,3
DDCAD,4,4,3,1,4
DDCAE,4,4,3,1,5
DDCBA,4,4,3,2,1
DDCBB,4,4,3,2,2
DDCBC,4,4,3,2,3
DDCBD,4,4,3,2,4
DDCBE,4,4,3,2,5
DDCCA,4,4,3,3,1
DDCCB,4,4,3,3,2
DDCCC,4,4,3,3,3
DDCCD,4,4,3,3,4
DDCCE,4,4,3,3,5
DDCDA,4,4,3,4,1
DDCDB,4,4,3,4,2
DDCDC,4,4,3,4,3
DDCDD,4,4,3,4,4
DDCDE,4,4,3,4,5
DDCEA,4,4,3,5,1
DDCEB,4,4,3,5,2
DDCEC,4,4,3,5,3
DDCED,4,4,3,5,4
DDCEE,4,4,3,5,5
DDDAA,4,4,4,1,1
DDDAB,4,4,4,1,2
DDDAC,4,4,4,1,3
DDDAD,4,4,4,1,4
DDDAE,4,4,4,1,5
DDDBA,4,4,4,2,1
DDDBB,4,4,4,2,2
DDDBC,4,4,4,2,3
DDDBD,4,4,4,2,4
DDDBE,4,4,4,2,5
DDDCA,4,4,4,3,1
DDDCB,4,4,4,3,2
DDDCC,4,4,4,3,3
DDDCD,4,4,4,3,4
DDDCE,4,4,4,3,5
DDDDA,4,4,4,4,1
DDDDB,4,4,4,4,2
DDDDC,4,4,4,4,3
DDDDD,4,4,4,4,4
DDDDE,4,4,4,4,5
DDDEA,4,4,4,5,1
DDDEB,4,4,4,5,2
DDDEC,4,4,4,5,3
DDDED,4,4,4,5,4
DDDEE,4,4,4,5,5
DDEAA,4,4,5,1,1
DDEAB,4,4,5,1,2
DDEAC,4,4,5,1,3
DDEAD,4,4,5,1,4
DDEAE,4,4,5,1,5
DDEBA,4,4,5,2,1
DDEBB,4,4,5,2,2
DDEBC,4,4,5,2,3
DDEBD,4,4,5,2,4
DDEBE,4,4,5,2,5
DDECA,4,4,5,3,1
DDECB,4,4,5,3,2
DDECC,4,4,5,3,3
DDECD,4,4,5,3,4
DDECE,4,4,5,3,5
DDEDA,4,4,5,4,1
DDEDB,4,4,5,4,2
DDEDC,4,4,5,4,3
DDEDD,4,4,5,4,4
DDEDE,4,4,5,4,5
DDEEA,4,4,5,5,1
DDEEB,4,4,5,5,2
DDEEC,4,4,5,5,3
DDEED,4,4,5,5,4
DDEEE,4,4,5,5,5
DEAAA,4,5,1,1,1
DEAAB,4,5,1,1,2
DEAAC,4,5,1,1,3
DEAAD,4,5,1,1,4
DEAAE,4,5,1,1,5
DEABA,4,5,1,2,1
DEABB,4,5,1,2,2
DEABC,4,5,1,2,3
DEABD,4,5,1,2,4
DEABE,4,5,1,2,5
DEACA,4,5,1,3,1
DEACB,4,5,1,3,2
DEACC,4,5,1,3,3
DEACD,4,5,1,3,4
DEACE,4,5,1,3,5
DEADA,4,5,1,4,1
DEADB,4,5,1,4,2
DEADC,4,5,1,4,3
DEADD,4,5,1,4,4
DEADE,4,5,1,4,5
DEAEA,4,5,1,5,1
DEAEB,4,5,1,5,2
DEAEC,4,5,1,5,3
DEAED,4,5,1,5,4
DEAEE,4,5,1,5,5
DEBAA,4,5,2,1,1
DEBAB,4,5,2,1,2
DEBAC,4,5,2,1,3
DEBAD,4,5,2,1,4
DEBAE,4,5,2,1,5
DEBBA,4,5,2,2,1
DEBBB,4,5,2,2,2
DEBBC,4,5,2,2,3
DEBBD,4,5,2,2,4
DEBBE,4,5,2,2,5
DEBCA,4,5,2,3,1
DEBCB,4,5,2,3,2
DEBCC,4,5,2,3,3
DEBCD,4,5,2,3,4
DEBCE,4,5,2,3,5
DEBDA,4,5,2,4,1
DEBDB,4,5,2,4,2
DEBDC,4,5,2,4,3
DEBDD,4,5,2,4,4
DEBDE,4,5,2,4,5
DEBEA,4,5,2,5,1
DEBEB,4,5,2,5,2
DEBEC,4,5,2,5,3
DEBED,4,5,2,5,4
DEBEE,4,5,2,5,5
DECAA,4,5,3,1,1
DECAB,4,5,3,1,2
DECAC,4,5,3,1,3
DECAD,4,5,3,1,4
DECAE,4,5,3,1,5
DECBA,4,5,3,2,1
DECBB,4,5,3,2,2
DECBC,4,5,3,2,3
DECBD,4,5,3,2,4
DECBE,4,5,3,2,5
DECCA,4,5,3,3,1
DECCB,4,5,3,3,2
DECCC,4,5,3,3,3
DECCD,4,5,3,3,4
DECCE,4,5,3,3,5
DECDA,4,5,3,4,1
DECDB,4,5,3,4,2
DECDC,4,5,3,4,3
DECDD,4,5,3,4,4
DECDE,4,5,3,4,5
DECEA,4,5,3,5,1
DECEB,4,5,3,5,2
DECEC,4,5,3,5,3
DECED,4,5,3,5,4
DECEE,4,5,3,5,5
DEDAA,4,5,4,1,1
DEDAB,4,5,4,1,2
DEDAC,4,5,4,1,3
DEDAD,4,5,4,1,4
DEDAE,4,5,4,1,5
DEDBA,4,5,4,2,1
DEDBB,4,5,4,2,2
DEDBC,4,5,4,2,3
DEDBD,4,5,4,2,4
DEDBE,4,5,4,2,5
DEDCA,4,5,4,3,1
DEDCB,4,5,4,3,2
DEDCC,4,5,4,3,3
DEDCD,4,5,4,3,4
DEDCE,4,5,4,3,5
DEDDA,4,5,4,4,1
DEDDB,4,5,4,4,2
DEDDC,4,5,4,4,3
DEDDD,4,5,4,4,4
DEDDE,4,5,4,4,5
DEDEA,4,5,4,5,1
DEDEB,4,5,4,5,2
DEDEC,4,5,4,5,3
DEDED,4,5,4,5,4
DEDEE,4,5,4,5,5
DEEAA,4,5,5,1,1
DEEAB,4,5,5,1,2
DEEAC,4,5,5,1,3
DEEAD,4,5,5,1,4
DEEAE,4,5,5,1,5
DEEBA,4,5,5,2,1
DEEBB,4,5,5,2,2
DEEBC,4,5,5,2,3
DEEBD,4,5,5,2,4
DEEBE,4,5,5,2,5
DEECA,4,5,5,3,1
DEECB,4,5,5,3,2
DEECC,4,5,5,3,3
DEECD,4,5,5,3,4
DEECE,4,5,5,3,5
DEEDA,4,5,5,4,1
DEEDB,4,5,5,4,2
DEEDC,4,5,5,4,3
DEEDD,4,5,5,4,4
DEEDE,4,5,5,4,5
DEEEA,4,5,5,5,1
DEEEB,4,5,5,5,2
DEEEC,4,5,5,5,3
DEEED,4,5,5,5,4
DEEEE,4,5,5,5,5
EAAAA,5,1,1,1,1
EAAAB,5,1,1,1,2
EAAAC,5,1,1,1,3
EAAAD,5,1,1,1,4
EAAAE,5,1,1,1,5
EAABA,5,1,1,2,1
EAABB,5,1,1,2,2
EAABC,5,1,1,2,3
EAABD,5,1,1,2,4
EAABE,5,1,1,2,5
EAACA,5,1,1,3,1
EAACB,5,1,1,3,2
EAACC,5,1,1,3,3
EAACD,5,1,1,3,4
EAACE,5,1,1,3,5
EAADA,5,1,1,4,1
EAADB,5,1,1,4,2
EAADC,5,1,1,4,3
EAADD,5,1,1,4,4
EAADE,5,1,1,4,5
EAAEA,5,1,1,5,1
EAAEB,5,1,1,5,2
EAAEC,5,1,1,5,3
EAAED,5,1,1,5,4
EAAEE,5,1,1,5,5
EABAA,5,1,2,1,1
EABAB,5,1,2,1,2
EABAC,5,1,2,1,3
EABAD,5,1,2,1,4
EABAE,5,1,2,1,5
EABBA,5,1,2,2,1
EABBB,5,1,2,2,2
EABBC,5,1,2,2,3
EABBD,5,1,2,2,4
EABBE,5,1,2,2,5
EABCA,5,1,2,3,1
EABCB,5,1,2,3,2
EABCC,5,1,2,3,3
EABCD,5,1,2,3,4
EABCE,5,1,2,3,5
EABDA,5,1,2,4,1
EABDB,5,1,2,4,2
EABDC,5,1,2,4,3
EABDD,5,1,2,4,4
EABDE,5,1,2,4,5
EABEA,5,1,2,5,1
EABEB,5,1,2,5,2
EABEC,5,1,2,5,3
EABED,5,1,2,5,4
EABEE,5,1,2,5,5
EACAA,5,1,3,1,1
EACAB,5,1,3,1,2
EACAC,5,1,3,1,3
EACAD,5,1,3,1,4
EACAE,5,1,3,1,5
EACBA,5,1,3,2,1
EACBB,5,1,3,2,2
EACBC,5,1,3,2,3
EACBD,5,1,3,2,4
EACBE,5,1,3,2,5
EACCA,5,1,3,3,1
EACCB,5,1,3,3,2
EACCC,5,1,3,3,3
EACCD,5,1,3,3,4
EACCE,5,1,3,3,5
EACDA,5,1,3,4,1
EACDB,5,1,3,4,2
EACDC,5,1,3,4,3
EACDD,5,1,3,4,4
EACDE,5,1,3,4,5
EACEA,5,1,3,5,1
EACEB,5,1,3,5,2
EACEC,5,1,3,5,3
EACED,5,1,3,5,4
EACEE,5,1,3,5,5
EADAA,5,1,4,1,1
EADAB,5,1,4,1,2
EADAC,5,1,4,1,3
EADAD,5,1,4,1,4
EADAE,5,1,4,1,5
EADBA,5,1,4,2,1
EADBB,5,1,4,2,2
EADBC,5,1,4,2,3
EADBD,5,1,4,2,4
EADBE,5,1,4,2,5
EADCA,5,1,4,3,1
EADCB,5,1,4,3,2
EADCC,5,1,4,3,3
EADCD,5,1,4,3,4
EADCE,5,1,4,3,5
EADDA,5,1,4,4,1
EADDB,5,1,4,4,2
EADDC,5,1,4,4,3
EADDD,5,1,4,4,4
EADDE,5,1,4,4,5
EADEA,5,1,4,5,1
EADEB,5,1,4,5,2
EADEC,5,1,4,5,3
EADED,5,1,4,5,4
EADEE,5,1,4,5,5
EAEAA,5,1,5,1,1
EAEAB,5,1,5,1,2
EAEAC,5,1,5,1,3
EAEAD,5,1,5,1,4
EAEAE,5,1,5,1,5
EAEBA,5,1,5,2,1
EAEBB,5,1,5,2,2
EAEBC,5,1,5,2,3
EAEBD,5,1,5,2,4
EAEBE,5,1,5,2,5
EAECA,5,1,5,3,1
EAECB,5,1,5,3,2
EAECC,5,1,5,3,3
EAECD,5,1,5,3,4
EAECE,5,1,5,3,5
EAEDA,5,1,5,4,1
EAEDB,5,1,5,4,2
EAEDC,5,1,5,4,3
EAEDD,5,1,5,4,4
EAEDE,5,1,5,4,5
EAEEA,5,1,5,5,1
EAEEB,5,1,5,5,2
EAEEC,5,1,5,5,3
EAEED,5,1,5,5,4
EAEEE,5,1,5,5,5
EBAAA,5,2,1,1,1
EBAAB,5,2,1,1,2
EBAAC,5,2,1,1,3
EBAAD,5,2,1,1,4
EBAAE,5,2,1,1,5
EBABA,5,2,1,2,1
EBABB,5,2,1,2,2
EBABC,5,2,1,2,3
EBABD,5,2,1,2,4
EBABE,5,2,1,2,5
EBACA,5,2,1,3,1
EBACB,5,2,1,3,2
EBACC,5,2,1,3,3
EBACD,5,2,1,3,4
EBACE,5,2,1,3,5
EBADA,5,2,1,4,1
EBADB,5,2,1,4,2
EBADC,5,2,1,4,3
EBADD,5,2,1,4,4
EBADE,5,2,1,4,5
EBAEA,5,2,1,5,1
EBAEB,5,2,1,5,2
EBAEC,5,2,1,5,3
EBAED,5,2,1,5,4
EBAEE,5,2,1,5,5
EBBAA,5,2,2,1,1
EBBAB,5,2,2,1,2
EBBAC,5,2,2,1,3
EBBAD,5,2,2,1,4
EBBAE,5,2,2,1,5
EBBBA,5,2,2,2,1
EBBBB,5,2,2,2,2
EBBBC,5,2,2,2,3
EBBBD,5,2,2,2,4
EBBBE,5,2,2,2,5
EBBCA,5,2,2,3,1
EBBCB,5,2,2,3,2
EBBCC,5,2,2,3,3
EBBCD,5,2,2,3,4
EBBCE,5,2,2,3,5
EBBDA,5,2,2,4,1
EBBDB,5,2,2,4,2
EBBDC,5,2,2,4,3
EBBDD,5,2,2,4,4
EBBDE,5,2,2,4,5
EBBEA,5,2,2,5,1
EBBEB,5,2,2,5,2
EBBEC,5,2,2,5,3
EBBED,5,2,2,5,4
EBBEE,5,2,2,5,5
EBCAA,5,2,3,1,1
EBCAB,5,2,3,1,2
EBCAC,5,2,3,1,3
EBCAD,5,2,3,1,4
EBCAE,5,2,3,1,5
EBCBA,5,2,3,2,1
EBCBB,5,2,3,2,2
EBCBC,5,2,3,2,3
EBCBD,5,2,3,2,4
EBCBE,5,2,3,2,5
EBCCA,5,2,3,3,1
EBCCB,5,2,3,3,2
EBCCC,5,2,3,3,3
EBCCD,5,2,3,3,4
EBCCE,5,2,3,3,5
EBCDA,5,2,3,4,1
EBCDB,5,2,3,4,2
EBCDC,5,2,3,4,3
EBCDD,5,2,3,4,4
EBCDE,5,2,3,4,5
EBCEA,5,2,3,5,1
EBCEB,5,2,3,5,2
EBCEC,5,2,3,5,3
EBCED,5,2,3,5,4
EBCEE,5,2,3,5,5
EBDAA,5,2,4,1,1
EBDAB,5,2,4,1,2
EBDAC,5,2,4,1,3
EBDAD,5,2,4,1,4
EBDAE,5,2,4,1,5
EBDBA,5,2,4,2,1
EBDBB,5,2,4,2,2
EBDBC,5,2,4,2,3
EBDBD,5,2,4,2,4
EBDBE,5,2,4,2,5
EBDCA,5,2,4,3,1
EBDCB,5,2,4,3,2
EBDCC,5,2,4,3,3
EBDCD,5,2,4,3,4
EBDCE,5,2,4,3,5
EBDDA,5,2,4,4,1
EBDDB,5,2,4,4,2
EBDDC,5,2,4,4,3
EBDDD,5,2,4,4,4
EBDDE,5,2,4,4,5
EBDEA,5,2,4,5,1
EBDEB,5,2,4,5,2
EBDEC,5,2,4,5,3
EBDED,5,2,4,5,4
EBDEE,5,2,4,5,5
EBEAA,5,2,5,1,1
EBEAB,5,2,5,1,2
EBEAC,5,2,5,1,3
EBEAD,5,2,5,1,4
EBEAE,5,2,5,1,5
EBEBA,5,2,5,2,1
EBEBB,5,2,5,2,2
EBEBC,5,2,5,2,3
EBEBD,5,2,5,2,4
EBEBE,5,2,5,2,5
EBECA,5,2,5,3,1
EBECB,5,2,5,3,2
EBECC,5,2,5,3,3
EBECD,5,2,5,3,4
EBECE,5,2,5,3,5
EBEDA,5,2,5,4,1
EBEDB,5,2,5,4,2
EBEDC,5,2,5,4,3
EBEDD,5,2,5,4,4
EBEDE,5,2,5,4,5
EBEEA,5,2,5,5,1
EBEEB,5,2,5,5,2
EBEEC,5,2,5,5,3
EBEED,5,2,5,5,4
EBEEE,5,2,5,5,5
ECAAA,5,3,1,1,1
ECAAB,5,3,1,1,2
ECAAC,5,3,1,1,3
ECAAD,5,3,1,1,4
ECAAE,5,3,1,1,5
ECABA,5,3,1,2,1
ECABB,5,3,1,2,2
ECABC,5,3,1,2,3
ECABD,5,3,1,2,4
ECABE,5,3,1,2,5
ECACA,5,3,1,3,1
ECACB,5,3,1,3,2
ECACC,5,3,1,3,3
ECACD,5,3,1,3,4
ECACE,5,3,1,3,5
ECADA,5,3,1,4,1
ECADB,5,3,1,4,2
ECADC,5,3,1,4,3
ECADD,5,3,1,4,4
ECADE,5,3,1,4,5
ECAEA,5,3,1,5,1
ECAEB,5,3,1,5,2
ECAEC,5,3,1,5,3
ECAED,5,3,1,5,4
ECAEE,5,3,1,5,5
ECBAA,5,3,2,1,1
ECBAB,5,3,2,1,2
ECBAC,5,3,2,1,3
ECBAD,5,3,2,1,4
ECBAE,5,3,2,1,5
ECBBA,5,3,2,2,1
ECBBB,5,3,2,2,2
ECBBC,5,3,2,2,3
ECBBD,5,3,2,2,4
ECBBE,5,3,2,2,5
ECBCA,5,3,2,3,1
ECBCB,5,3,2,3,2
ECBCC,5,3,2,3,3
ECBCD,5,3,2,3,4
ECBCE,5,3,2,3,5
ECBDA,5,3,2,4,1
ECBDB,5,3,2,4,2
ECBDC,5,3,2,4,3
ECBDD,5,3,2,4,4
ECBDE,5,3,2,4,5
ECBEA,5,3,2,5,1
ECBEB,5,3,2,5,2
ECBEC,5,3,2,5,3
ECBED,5,3,2,5,4
ECBEE,5,3,2,5,5
ECCAA,5,3,3,1,1
ECCAB,5,3,3,1,2
ECCAC,5,3,3,1,3
ECCAD,5,3,3,1,4
ECCAE,5,3,3,1,5
ECCBA,5,3,3,2,1
ECCBB,5,3,3,2,2
ECCBC,5,3,3,2,3
ECCBD,5,3,3,2,4
ECCBE,5,3,3,2,5
ECCCA,5,3,3,3,1
ECCCB,5,3,3,3,2
ECCCC,5,3,3,3,3
ECCCD,5,3,3,3,4
ECCCE,5,3,3,3,5
ECCDA,5,3,3,4,1
ECCDB,5,3,3,4,2
ECCDC,5,3,3,4,3
ECCDD,5,3,3,4,4
ECCDE,5,3,3,4,5
ECCEA,5,3,3,5,1
ECCEB,5,3,3,5,2
ECCEC,5,3,3,5,3
ECCED,5,3,3,5,4
ECCEE,5,3,3,5,5
ECDAA,5,3,4,1,1
ECDAB,5,3,4,1,2
ECDAC,5,3,4,1,3
ECDAD,5,3,4,1,4
ECDAE,5,3,4,1,5
ECDBA,5,3,4,2,1
ECDBB,5,3,4,2,2
ECDBC,5,3,4,2,3
ECDBD,5,3,4,2,4
ECDBE,5,3,4,2,5
ECDCA,5,3,4,3,1
ECDCB,5,3,4,3,2
ECDCC,5,3,4,3,3
ECDCD,5,3,4,3,4
ECDCE,5,3,4,3,5
ECDDA,5,3,4,4,1
ECDDB,5,3,4,4,2
ECDDC,5,3,4,4,3
ECDDD,5,3,4,4,4
ECDDE,5,3,4,4,5
ECDEA,5,3,4,5,1
ECDEB,5,3,4,5,2
ECDEC,5,3,4,5,3
ECDED,5,3,4,5,4
ECDEE,5,3,4,5,5
ECEAA,5,3,5,1,1
ECEAB,5,3,5,1,2
ECEAC,5,3,5,1,3
ECEAD,5,3,5,1,4
ECEAE,5,3,5,1,5
ECEBA,5,3,5,2,1
ECEBB,5,3,5,2,2
ECEBC,5,3,5,2,3
ECEBD,5,3,5,2,4
ECEBE,5,3,5,2,5
ECECA,5,3,5,3,1
ECECB,5,3,5,3,2
ECECC,5,3,5,3,3
ECECD,5,3,5,3,4
ECECE,5,3,5,3,5
ECEDA,5,3,5,4,1
ECEDB,5,3,5,4,2
ECEDC,5,3,5,4,3
ECEDD,5,3,5,4,4
ECEDE,5,3,5,4,5
ECEEA,5,3,5,5,1
ECEEB,5,3,5,5,2
ECEEC,5,3,5,5,3
ECEED,5,3,5,5,4
ECEEE,5,3,5,5,5
EDAAA,5,4,1,1,1
EDAAB,5,4,1,1,2
EDAAC,5,4,1,1,3
EDAAD,5,4,1,1,4
EDAAE,5,4,1,1,5
EDABA,5,4,1,2,1
EDABB,5,4,1,2,2
EDABC,5,4,1,2,3
EDABD,5,4,1,2,4
EDABE,5,4,1,2,5
EDACA,5,4,1,3,1
EDACB,5,4,1,3,2
EDACC,5,4,1,3,3
EDACD,5,4,1,3,4
EDACE,5,4,1,3,5
EDADA,5,4,1,4,1
EDADB,5,4,1,4,2
EDADC,5,4,1,4,3
EDADD,5,4,1,4,4
EDADE,5,4,1,4,5
EDAEA,5,4,1,5,1
EDAEB,5,4,1,5,2
EDAEC,5,4,1,5,3
EDAED,5,4,1,5,4
EDAEE,5,4,1,5,5
EDBAA,5,4,2,1,1
EDBAB,5,4,2,1,2
EDBAC,5,4,2,1,3
EDBAD,5,4,2,1,4
EDBAE,5,4,2,1,5
EDBBA,5,4,2,2,1
EDBBB,5,4,2,2,2
EDBBC,5,4,2,2,3
EDBBD,5,4,2,2,4
EDBBE,5,4,2,2,5
EDBCA,5,4,2,3,1
EDBCB,5,4,2,3,2
EDBCC,5,4,2,3,3
EDBCD,5,4,2,3,4
EDBCE,5,4,2,3,5
EDBDA,5,4,2,4,1
EDBDB,5,4,2,4,2
EDBDC,5,4,2,4,3
EDBDD,5,4,2,4,4
EDBDE,5,4,2,4,5
EDBEA,5,4,2,5,1
EDBEB,5,4,2,5,2
EDBEC,5,4,2,5,3
EDBED,5,4,2,5,4
EDBEE,5,4,2,5,5
EDCAA,5,4,3,1,1
EDCAB,5,4,3,1,2
EDCAC,5,4,3,1,3
EDCAD,5,4,3,1,4
EDCAE,5,4,3,1,5
EDCBA,5,4,3,2,1
EDCBB,5,4,3,2,2
EDCBC,5,4,3,2,3
EDCBD,5,4,3,2,4
EDCBE,5,4,3,2,5
EDCCA,5,4,3,3,1
EDCCB,5,4,3,3,2
EDCCC,5,4,3,3,3
EDCCD,5,4,3,3,4
EDCCE,5,4,3,3,5
EDCDA,5,4,3,4,1
EDCDB,5,4,3,4,2
EDCDC,5,4,3,4,3
EDCDD,5,4,3,4,4
EDCDE,5,4,3,4,5
EDCEA,5,4,3,5,1
EDCEB,5,4,3,5,2
EDCEC,5,4,3,5,3
EDCED,5,4,3,5,4
EDCEE,5,4,3,5,5
EDDAA,5,4,4,1,1
EDDAB,5,4,4,1,2
EDDAC,5,4,4,1,3
EDDAD,5,4,4,1,4
EDDAE,5,4,4,1,5
EDDBA,5,4,4,2,1
EDDBB,5,4,4,2,2
EDDBC,5,4,4,2,3
EDDBD,5,4,4,2,4
EDDBE,5,4,4,2,5
EDDCA,5,4,4,3,1
EDDCB,5,4,4,3,2
EDDCC,5,4,4,3,3
EDDCD,5,4,4,3,4
EDDCE,5,4,4,3,5
EDDDA,5,4,4,4,1
EDDDB,5,4,4,4,2
EDDDC,5,4,4,4,3
EDDDD,5,4,4,4,4
EDDDE,5,4,4,4,5
EDDEA,5,4,4,5,1
EDDEB,5,4,4,5,2
EDDEC,5,4,4,5,3
EDDED,5,4,4,5,4
EDDEE,5,4,4,5,5
EDEAA,5,4,5,1,1
EDEAB,5,4,5,1,2
EDEAC,5,4,5,1,3
EDEAD,5,4,5,1,4
EDEAE,5,4,5,1,5
EDEBA,5,4,5,2,1
EDEBB,5,4,5,2,2
EDEBC,5,4,5,2,3
EDEBD,5,4,5,2,4
EDEBE,5,4,5,2,5
EDECA,5,4,5,3,1
EDECB,5,4,5,3,2
EDECC,5,4,5,3,3
EDECD,5,4,5,3,4
EDECE,5,4,5,3,5
EDEDA,5,4,5,4,1
EDEDB,5,4,5,4,2
EDEDC,5,4,5,4,3
EDEDD,5,4,5,4,4
EDEDE,5,4,5,4,5
EDEEA,5,4,5,5,1
EDEEB,5,4,5,5,2
EDEEC,5,4,5,5,3
EDEED,5,4,5,5,4
EDEEE,5,4,5,5,5
EEAAA,5,5,1,1,1
EEAAB,5,5,1,1,2
EEAAC,5,5,1,1,3
EEAAD,5,5,1,1,4
EEAAE,5,5,1,1,5
EEABA,5,5,1,2,1
EEABB,5,5,1,2,2
EEABC,5,5,1,2,3
EEABD,5,5,1,2,4
EEABE,5,5,1,2,5
EEACA,5,5,1,3,1
EEACB,5,5,1,3,2
EEACC,5,5,1,3,3
EEACD,5,5,1,3,4
EEACE,5,5,1,3,5
EEADA,5,5,1,4,1
EEADB,5,5,1,4,2
EEADC,5,5,1,4,3
EEADD,5,5,1,4,4
EEADE,5,5,1,4,5
EEAEA,5,5,1,5,1
EEAEB,5,5,1,5,2
EEAEC,5,5,1,5,3
EEAED,5,5,1,5,4
EEAEE,5,5,1,5,5
EEBAA,5,5,2,1,1
EEBAB,5,5,2,1,2
EEBAC,5,5,2,1,3
EEBAD,5,5,2,1,4
EEBAE,5,5,2,1,5
EEBBA,5,5,2,2,1
EEBBB,5,5,2,2,2
EEBBC,5,5,2,2,3
EEBBD,5,5,2,2,4
EEBBE,5,5,2,2,5
EEBCA,5,5,2,3,1
EEBCB,5,5,2,3,2
EEBCC,5,5,2,3,3
EEBCD,5,5,2,3,4
EEBCE,5,5,2,3,5
EEBDA,5,5,2,4,1
EEBDB,5,5,2,4,2
EEBDC,5,5,2,4,3
EEBDD,5,5,2,4,4
EEBDE,5,5,2,4,5
EEBEA,5,5,2,5,1
EEBEB,5,5,2,5,2
EEBEC,5,5,2,5,3
EEBED,5,5,2,5,4
EEBEE,5,5,2,5,5
EECAA,5,5,3,1,1
EECAB,5,5,3,1,2
EECAC,5,5,3,1,3
EECAD,5,5,3,1,4
EECAE,5,5,3,1,5
EECBA,5,5,3,2,1
EECBB,5,5,3,2,2
EECBC,5,5,3,2,3
EECBD,5,5,3,2,4
EECBE,5,5,3,2,5
EECCA,5,5,3,3,1
EECCB,5,5,3,3,2
EECCC,5,5,3,3,3
EECCD,5,5,3,3,4
EECCE,5,5,3,3,5
EECDA,5,5,3,4,1
EECDB,5,5,3,4,2
EECDC,5,5,3,4,3
EECDD,5,5,3,4,4
EECDE,5,5,3,4,5
EECEA,5,5,3,5,1
EECEB,5,5,3,5,2
EECEC,5,5,3,5,3
EECED,5,5,3,5,4
EECEE,5,5,3,5,5
EEDAA,5,5,4,1,1
EEDAB,5,5,4,1,2
EEDAC,5,5,4,1,3
EEDAD,5,5,4,1,4
EEDAE,5,5,4,1,5
EEDBA,5,5,4,2,1
EEDBB,5,5,4,2,2
EEDBC,5,5,4,2,3
EEDBD,5,5,4,2,4
EEDBE,5,5,4,2,5
EEDCA,5,5,4,3,1
EEDCB,5,5,4,3,2
EEDCC,5,5,4,3,3
EEDCD,5,5,4,3,4
EEDCE,5,5,4,3,5
EEDDA,5,5,4,4,1
EEDDB,5,5,4,4,2
EEDDC,5,5,4,4,3
EEDDD,5,5,4,4,4
EEDDE,5,5,4,4,5
EEDEA,5,5,4,5,1
EEDEB,5,5,4,5,2
EEDEC,5,5,4,5,3
EEDED,5,5,4,5,4
EEDEE,5,5,4,5,5
EEEAA,5,5,5,1,1
EEEAB,5,5,5,1,2
EEEAC,5,5,5,1,3
EEEAD,5,5,5,1,4
EEEAE,5,5,5,1,5
EEEBA,5,5,5,2,1
EEEBB,5,5,5,2,2
EEEBC,5,5,5,2,3
EEEBD,5,5,5,2,4
EEEBE,5,5,5,2,5
EEECA,5,5,5,3,1
EEECB,5,5,5,3,2
EEECC,5,5,5,3,3
EEECD,5,5,5,3,4
EEECE,5,5,5,3,5
EEEDA,5,5,5,4,1
EEEDB,5,5,5,4,2
EEEDC,5,5,5,4,3
EEEDD,5,5,5,4,4
EEEDE,5,5,5,4,5
EEEEA,5,5,5,5,1
EEEEB,5,5,5,5,2
EEEEC,5,5,5,5,3
EEEED,5,5,5,5,4
EEEEE,5,5,5,5,5
